dossier_nocertain,BA:..,BA:.t.,BU:..,BU:.p.,DA:..,DA:.d.,DI:..,DI:.d.,LI:..,LI:.d.,LU₂:v..,LU₂:v.y.,NA:..,NA:.t.,NI:..,NI:.d.,SU:..,SU:.t.,TI:..,TI:.t.,U₂:..,U₂:.m.,|ME.U.U.U|:..,|ME.U.U.U|:.m.,ŠA:..,ŠA:.dm.,ia,ia₂,li,li₂,ša,ša₂,šu,šu₂,tu,tu₂,u,u₂,bēlu[lord]N:bēlī:be-li₂,bēlu[lord]N:bēlī:EN,bēlu[lord]N:bēlīya:EN-ia,bēlu[lord]N:bēlīya:be-li₂-ia,libbu[interior]N:libbi:ŠA₃,libbu[interior]N:libbi:ŠA₃-bi,lā[not]MOD:lā:la,lā[not]MOD:lā:la-a,lū[may]MOD:lū:lu,lū[may]MOD:lū:lu-u,mā[saying]PRP:mā:ma,mā[saying]PRP:mā:ma-a,muhhu[skull]N:muhhi:UGU,muhhu[skull]N:muhhi:UGU-hi,pānu[front]N:pān:IGI,pānu[front]N:pān:pa-an,šulmu[completeness]N:šulmu:DI-mu,šulmu[completeness]N:šulmu:šul-mu
SAA01.01.01,31.0,2.0,54.0,0.0,24.0,2.0,20.0,3.0,24.0,4.0,60.0,6.0,91.0,16.0,186.0,14.0,17.0,4.0,28.0,30.0,66.0,13.0,51.0,23.0,47.0,9.0,33.0,0.0,34.0,8.0,125.0,22.0,39.0,96.0,45.0,34.0,48.0,90.0,2.0,0.0,0.0,6.0,12.0,7.0,42.0,1.0,31.0,3.0,4.0,62.0,27.0,1.0,3.0,5.0,1.0,2.0
SAA01.02.01,7.0,5.0,30.0,0.0,20.0,2.0,31.0,5.0,3.0,1.0,55.0,0.0,84.0,19.0,98.0,3.0,12.0,5.0,3.0,9.0,41.0,15.0,56.0,6.0,64.0,4.0,54.0,1.0,6.0,11.0,89.0,10.0,26.0,48.0,6.0,43.0,36.0,64.0,3.0,4.0,24.0,8.0,6.0,8.0,13.0,4.0,18.0,2.0,2.0,76.0,16.0,0.0,1.0,2.0,17.0,21.0
SAA01.03.01,11.0,11.0,14.0,8.0,17.0,11.0,36.0,18.0,15.0,10.0,68.0,0.0,118.0,4.0,214.0,19.0,8.0,7.0,15.0,14.0,40.0,4.0,71.0,20.0,49.0,5.0,86.0,0.0,21.0,54.0,160.0,11.0,6.0,53.0,22.0,19.0,41.0,51.0,36.0,1.0,45.0,18.0,19.0,9.0,21.0,1.0,29.0,1.0,1.0,63.0,36.0,6.0,6.0,2.0,28.0,0.0
SAA01.04.01,18.0,0.0,60.0,0.0,8.0,7.0,52.0,1.0,26.0,5.0,65.0,0.0,80.0,84.0,125.0,1.0,12.0,1.0,5.0,18.0,44.0,7.0,71.0,12.0,93.0,0.0,83.0,33.0,38.0,9.0,108.0,22.0,20.0,62.0,7.0,37.0,51.0,53.0,8.0,21.0,68.0,1.0,3.0,11.0,11.0,16.0,31.0,5.0,0.0,55.0,27.0,0.0,1.0,9.0,40.0,0.0
SAA01.04.02,1.0,0.0,0.0,0.0,0.0,1.0,2.0,0.0,0.0,0.0,4.0,0.0,5.0,9.0,12.0,0.0,5.0,0.0,0.0,0.0,0.0,0.0,2.0,9.0,2.0,0.0,0.0,0.0,0.0,1.0,2.0,1.0,0.0,0.0,0.0,1.0,2.0,0.0,1.0,0.0,0.0,0.0,0.0,3.0,0.0,0.0,1.0,2.0,0.0,6.0,0.0,0.0,0.0,0.0,1.0,0.0
SAA01.05.01,3.0,0.0,5.0,0.0,2.0,0.0,1.0,0.0,1.0,0.0,2.0,0.0,8.0,0.0,13.0,0.0,1.0,0.0,2.0,0.0,6.0,0.0,7.0,0.0,6.0,0.0,5.0,0.0,1.0,2.0,8.0,0.0,0.0,6.0,4.0,0.0,4.0,6.0,2.0,0.0,4.0,0.0,0.0,0.0,0.0,0.0,1.0,0.0,0.0,1.0,3.0,0.0,3.0,0.0,1.0,0.0
SAA01.05.02,13.0,0.0,10.0,2.0,1.0,1.0,20.0,4.0,3.0,2.0,7.0,0.0,42.0,0.0,49.0,1.0,1.0,0.0,1.0,5.0,8.0,0.0,11.0,0.0,8.0,0.0,26.0,0.0,6.0,9.0,10.0,7.0,4.0,3.0,8.0,3.0,7.0,10.0,5.0,0.0,22.0,2.0,1.0,2.0,3.0,0.0,11.0,0.0,0.0,12.0,3.0,0.0,0.0,0.0,23.0,0.0
SAA01.06.01,2.0,1.0,4.0,0.0,4.0,2.0,2.0,7.0,5.0,2.0,20.0,0.0,13.0,18.0,24.0,1.0,0.0,1.0,0.0,4.0,5.0,4.0,20.0,1.0,4.0,3.0,7.0,10.0,6.0,10.0,20.0,0.0,2.0,17.0,5.0,3.0,8.0,8.0,6.0,0.0,4.0,1.0,1.0,0.0,5.0,1.0,4.0,1.0,0.0,9.0,3.0,0.0,2.0,1.0,3.0,1.0
SAA01.06.02,0.0,0.0,3.0,0.0,6.0,0.0,3.0,0.0,2.0,0.0,7.0,0.0,23.0,0.0,12.0,0.0,2.0,0.0,2.0,0.0,11.0,0.0,13.0,5.0,2.0,6.0,7.0,10.0,3.0,2.0,11.0,5.0,1.0,6.0,0.0,2.0,5.0,11.0,2.0,3.0,5.0,0.0,1.0,1.0,2.0,0.0,1.0,0.0,0.0,3.0,0.0,0.0,0.0,1.0,0.0,3.0
SAA01.06.03,2.0,0.0,6.0,0.0,1.0,2.0,4.0,2.0,0.0,0.0,0.0,1.0,23.0,0.0,43.0,2.0,2.0,0.0,7.0,1.0,4.0,4.0,7.0,1.0,14.0,0.0,17.0,1.0,1.0,14.0,18.0,4.0,1.0,4.0,3.0,0.0,15.0,8.0,7.0,0.0,8.0,7.0,0.0,0.0,5.0,0.0,2.0,1.0,0.0,7.0,0.0,0.0,0.0,2.0,0.0,0.0
SAA01.07.01,2.0,0.0,10.0,0.0,2.0,0.0,5.0,0.0,3.0,0.0,0.0,1.0,21.0,0.0,27.0,0.0,0.0,1.0,0.0,0.0,5.0,0.0,18.0,1.0,8.0,0.0,1.0,8.0,2.0,10.0,12.0,7.0,2.0,8.0,3.0,4.0,14.0,6.0,2.0,0.0,1.0,0.0,0.0,1.0,1.0,0.0,1.0,4.0,0.0,1.0,2.0,0.0,0.0,0.0,0.0,5.0
SAA01.07.02,0.0,1.0,7.0,0.0,2.0,0.0,2.0,2.0,5.0,0.0,1.0,3.0,8.0,0.0,20.0,0.0,0.0,0.0,0.0,4.0,8.0,1.0,5.0,1.0,8.0,2.0,8.0,0.0,6.0,2.0,17.0,1.0,2.0,3.0,1.0,1.0,6.0,10.0,0.0,4.0,6.0,2.0,0.0,2.0,0.0,1.0,2.0,1.0,0.0,7.0,5.0,0.0,0.0,1.0,2.0,0.0
SAA01.07.03,3.0,0.0,6.0,0.0,1.0,0.0,4.0,6.0,4.0,0.0,5.0,2.0,21.0,0.0,29.0,0.0,0.0,1.0,0.0,3.0,6.0,1.0,4.0,6.0,3.0,2.0,7.0,2.0,4.0,6.0,23.0,2.0,2.0,6.0,0.0,0.0,8.0,7.0,1.0,0.0,2.0,3.0,1.0,1.0,9.0,0.0,2.0,1.0,0.0,3.0,3.0,0.0,0.0,1.0,1.0,0.0
SAA01.07.04,0.0,0.0,5.0,0.0,4.0,0.0,2.0,0.0,0.0,0.0,2.0,0.0,6.0,1.0,10.0,0.0,0.0,0.0,0.0,1.0,11.0,0.0,3.0,2.0,4.0,2.0,8.0,0.0,0.0,3.0,8.0,0.0,1.0,3.0,0.0,1.0,6.0,4.0,3.0,0.0,6.0,0.0,4.0,0.0,1.0,0.0,0.0,2.0,0.0,1.0,1.0,0.0,0.0,1.0,2.0,0.0
SAA01.07.05,0.0,0.0,0.0,0.0,1.0,2.0,1.0,0.0,5.0,0.0,0.0,4.0,8.0,0.0,19.0,0.0,0.0,0.0,0.0,1.0,2.0,0.0,2.0,0.0,0.0,3.0,0.0,0.0,5.0,0.0,4.0,0.0,0.0,1.0,0.0,0.0,1.0,2.0,0.0,0.0,0.0,0.0,0.0,0.0,0.0,2.0,0.0,0.0,0.0,2.0,0.0,0.0,2.0,0.0,0.0,0.0
SAA01.07.06,0.0,0.0,0.0,0.0,0.0,0.0,0.0,0.0,0.0,0.0,0.0,5.0,1.0,0.0,4.0,0.0,0.0,0.0,0.0,0.0,2.0,0.0,5.0,0.0,3.0,0.0,1.0,0.0,0.0,0.0,3.0,1.0,0.0,1.0,0.0,0.0,0.0,2.0,0.0,2.0,1.0,0.0,0.0,0.0,0.0,0.0,0.0,0.0,0.0,0.0,1.0,0.0,0.0,0.0,0.0,0.0
SAA01.07.07,1.0,0.0,0.0,0.0,1.0,0.0,1.0,0.0,1.0,1.0,1.0,2.0,3.0,1.0,2.0,0.0,0.0,0.0,0.0,0.0,1.0,0.0,2.0,0.0,0.0,0.0,0.0,2.0,1.0,1.0,4.0,0.0,0.0,3.0,0.0,0.0,0.0,1.0,0.0,0.0,0.0,0.0,0.0,0.0,5.0,0.0,1.0,0.0,0.0,0.0,0.0,0.0,2.0,0.0,1.0,0.0
SAA01.07.08,0.0,0.0,2.0,0.0,3.0,0.0,1.0,1.0,0.0,2.0,0.0,0.0,6.0,0.0,5.0,0.0,0.0,1.0,0.0,2.0,1.0,4.0,1.0,3.0,4.0,0.0,3.0,0.0,2.0,0.0,12.0,0.0,1.0,3.0,0.0,0.0,4.0,2.0,0.0,4.0,3.0,0.0,0.0,0.0,1.0,0.0,0.0,1.0,0.0,2.0,2.0,0.0,3.0,0.0,1.0,0.0
SAA01.07.09,0.0,0.0,0.0,0.0,0.0,0.0,1.0,1.0,0.0,0.0,0.0,0.0,1.0,0.0,7.0,0.0,0.0,0.0,0.0,0.0,0.0,0.0,2.0,0.0,1.0,0.0,2.0,0.0,0.0,4.0,1.0,0.0,0.0,0.0,0.0,0.0,0.0,0.0,2.0,0.0,0.0,2.0,0.0,0.0,0.0,0.0,1.0,0.0,0.0,0.0,1.0,0.0,0.0,0.0,1.0,0.0
SAA01.07.10,0.0,0.0,5.0,0.0,4.0,2.0,1.0,0.0,0.0,0.0,0.0,0.0,4.0,0.0,16.0,0.0,0.0,0.0,0.0,0.0,4.0,2.0,4.0,0.0,3.0,2.0,1.0,5.0,0.0,9.0,10.0,1.0,0.0,7.0,1.0,0.0,5.0,6.0,4.0,0.0,0.0,0.0,1.0,0.0,2.0,1.0,1.0,1.0,0.0,1.0,2.0,0.0,0.0,0.0,1.0,0.0
SAA01.07.11,0.0,0.0,0.0,0.0,0.0,0.0,2.0,0.0,1.0,0.0,0.0,1.0,4.0,0.0,1.0,0.0,1.0,0.0,0.0,0.0,0.0,0.0,2.0,0.0,1.0,0.0,3.0,1.0,1.0,0.0,1.0,0.0,0.0,1.0,1.0,0.0,0.0,0.0,0.0,0.0,2.0,0.0,0.0,0.0,0.0,2.0,1.0,0.0,0.0,0.0,0.0,0.0,0.0,0.0,2.0,0.0
SAA01.07.12,2.0,1.0,9.0,0.0,2.0,1.0,4.0,1.0,3.0,0.0,7.0,3.0,13.0,0.0,25.0,4.0,3.0,3.0,2.0,6.0,4.0,1.0,11.0,2.0,8.0,3.0,9.0,0.0,2.0,5.0,23.0,2.0,4.0,4.0,6.0,2.0,9.0,7.0,5.0,1.0,8.0,0.0,2.0,0.0,1.0,0.0,2.0,0.0,0.0,8.0,5.0,0.0,1.0,0.0,2.0,0.0
SAA01.07.13,0.0,0.0,0.0,0.0,0.0,1.0,2.0,0.0,0.0,0.0,0.0,0.0,0.0,0.0,4.0,0.0,1.0,0.0,0.0,0.0,1.0,0.0,0.0,0.0,2.0,0.0,1.0,2.0,0.0,1.0,2.0,0.0,0.0,0.0,0.0,0.0,2.0,1.0,1.0,0.0,0.0,0.0,0.0,0.0,2.0,0.0,0.0,1.0,0.0,0.0,0.0,0.0,0.0,0.0,1.0,0.0
SAA01.07.14,0.0,0.0,0.0,0.0,0.0,0.0,0.0,0.0,1.0,0.0,0.0,0.0,3.0,0.0,4.0,0.0,0.0,0.0,0.0,1.0,0.0,0.0,0.0,0.0,2.0,0.0,4.0,0.0,0.0,0.0,2.0,0.0,0.0,0.0,0.0,1.0,3.0,1.0,0.0,1.0,4.0,0.0,0.0,0.0,0.0,0.0,1.0,1.0,0.0,1.0,1.0,0.0,0.0,0.0,0.0,2.0
SAA01.07.15,0.0,0.0,0.0,0.0,0.0,0.0,1.0,0.0,0.0,0.0,0.0,0.0,2.0,0.0,3.0,3.0,0.0,0.0,0.0,0.0,2.0,0.0,0.0,1.0,0.0,0.0,1.0,2.0,0.0,3.0,0.0,0.0,0.0,0.0,0.0,1.0,1.0,2.0,0.0,0.0,0.0,1.0,0.0,1.0,0.0,0.0,0.0,1.0,0.0,0.0,0.0,0.0,0.0,0.0,0.0,1.0
SAA01.07.16,0.0,1.0,2.0,0.0,1.0,0.0,5.0,0.0,2.0,5.0,0.0,1.0,11.0,0.0,10.0,0.0,0.0,0.0,1.0,0.0,9.0,0.0,6.0,0.0,0.0,0.0,6.0,0.0,7.0,0.0,7.0,0.0,0.0,3.0,0.0,0.0,4.0,9.0,0.0,4.0,2.0,0.0,0.0,0.0,3.0,0.0,0.0,0.0,0.0,3.0,0.0,0.0,0.0,0.0,1.0,0.0
SAA01.07.17,1.0,0.0,2.0,0.0,1.0,0.0,3.0,1.0,0.0,0.0,2.0,0.0,4.0,0.0,5.0,0.0,0.0,0.0,1.0,1.0,4.0,0.0,1.0,4.0,0.0,2.0,1.0,2.0,0.0,3.0,4.0,1.0,1.0,0.0,0.0,0.0,2.0,4.0,1.0,0.0,1.0,0.0,0.0,0.0,4.0,0.0,2.0,0.0,0.0,1.0,0.0,0.0,0.0,2.0,3.0,0.0
SAA01.07.18,0.0,0.0,0.0,0.0,1.0,0.0,1.0,0.0,0.0,0.0,1.0,0.0,3.0,0.0,10.0,0.0,0.0,0.0,0.0,0.0,0.0,0.0,1.0,0.0,1.0,0.0,1.0,0.0,1.0,0.0,2.0,0.0,0.0,0.0,0.0,1.0,3.0,0.0,0.0,0.0,0.0,0.0,0.0,0.0,1.0,0.0,0.0,1.0,0.0,1.0,0.0,0.0,0.0,0.0,1.0,0.0
SAA01.08.01,0.0,0.0,3.0,0.0,0.0,1.0,4.0,0.0,2.0,1.0,1.0,5.0,5.0,3.0,18.0,2.0,1.0,1.0,1.0,1.0,8.0,2.0,5.0,1.0,1.0,11.0,3.0,2.0,3.0,8.0,12.0,2.0,4.0,14.0,2.0,9.0,2.0,14.0,8.0,0.0,0.0,0.0,1.0,1.0,2.0,2.0,1.0,0.0,0.0,5.0,0.0,0.0,1.0,0.0,0.0,0.0
SAA01.08.02,2.0,1.0,7.0,0.0,1.0,0.0,14.0,1.0,2.0,0.0,2.0,5.0,8.0,11.0,23.0,0.0,0.0,1.0,2.0,5.0,9.0,0.0,3.0,7.0,1.0,7.0,15.0,0.0,4.0,4.0,16.0,3.0,2.0,4.0,3.0,4.0,7.0,10.0,4.0,0.0,11.0,0.0,0.0,1.0,3.0,5.0,5.0,1.0,0.0,3.0,6.0,1.0,0.0,0.0,10.0,0.0
SAA01.08.03,15.0,0.0,11.0,0.0,2.0,7.0,10.0,10.0,5.0,5.0,1.0,38.0,18.0,20.0,45.0,0.0,6.0,0.0,6.0,7.0,21.0,5.0,12.0,20.0,7.0,17.0,29.0,0.0,13.0,8.0,41.0,12.0,7.0,18.0,1.0,12.0,15.0,27.0,8.0,1.0,12.0,0.0,3.0,13.0,11.0,8.0,7.0,0.0,1.0,13.0,3.0,0.0,0.0,1.0,9.0,0.0
SAA01.09.01,1.0,0.0,2.0,0.0,1.0,0.0,3.0,0.0,3.0,0.0,0.0,3.0,12.0,0.0,19.0,0.0,1.0,0.0,1.0,6.0,6.0,0.0,11.0,0.0,2.0,3.0,5.0,0.0,4.0,7.0,16.0,2.0,5.0,10.0,0.0,4.0,5.0,8.0,6.0,0.0,3.0,0.0,1.0,1.0,4.0,0.0,0.0,1.0,0.0,4.0,1.0,0.0,1.0,0.0,1.0,0.0
SAA01.09.02,0.0,0.0,0.0,0.0,0.0,0.0,2.0,1.0,0.0,0.0,0.0,9.0,2.0,0.0,16.0,0.0,0.0,0.0,0.0,0.0,0.0,1.0,3.0,1.0,4.0,0.0,4.0,0.0,0.0,3.0,6.0,0.0,3.0,2.0,0.0,1.0,2.0,2.0,1.0,1.0,2.0,2.0,0.0,0.0,0.0,0.0,2.0,0.0,0.0,4.0,1.0,0.0,0.0,0.0,2.0,0.0
SAA01.09.03,2.0,0.0,0.0,0.0,0.0,0.0,1.0,0.0,0.0,0.0,1.0,2.0,1.0,2.0,5.0,0.0,0.0,0.0,0.0,0.0,1.0,0.0,3.0,0.0,0.0,0.0,1.0,0.0,0.0,0.0,0.0,0.0,0.0,2.0,0.0,0.0,1.0,2.0,0.0,0.0,1.0,0.0,0.0,0.0,0.0,0.0,0.0,0.0,0.0,0.0,0.0,0.0,0.0,0.0,2.0,0.0
SAA01.09.04,7.0,1.0,33.0,1.0,9.0,1.0,14.0,13.0,10.0,1.0,1.0,9.0,67.0,1.0,55.0,3.0,5.0,0.0,5.0,4.0,47.0,3.0,26.0,0.0,27.0,1.0,39.0,5.0,11.0,7.0,45.0,8.0,5.0,35.0,8.0,5.0,27.0,26.0,4.0,12.0,35.0,0.0,5.0,4.0,10.0,1.0,11.0,3.0,0.0,15.0,10.0,3.0,2.0,1.0,14.0,0.0
SAA01.10.01,2.0,0.0,0.0,0.0,1.0,0.0,4.0,0.0,0.0,1.0,13.0,0.0,14.0,0.0,42.0,0.0,0.0,14.0,1.0,5.0,10.0,0.0,4.0,1.0,2.0,2.0,1.0,16.0,3.0,22.0,14.0,0.0,7.0,14.0,0.0,4.0,8.0,11.0,7.0,0.0,0.0,0.0,0.0,0.0,0.0,0.0,4.0,0.0,0.0,10.0,2.0,1.0,1.0,2.0,4.0,0.0
SAA01.10.02,3.0,0.0,0.0,0.0,4.0,0.0,0.0,1.0,0.0,0.0,0.0,0.0,5.0,5.0,12.0,0.0,1.0,0.0,0.0,0.0,1.0,1.0,0.0,1.0,0.0,2.0,9.0,3.0,0.0,11.0,7.0,0.0,0.0,1.0,3.0,0.0,1.0,2.0,0.0,0.0,0.0,8.0,0.0,0.0,0.0,2.0,3.0,1.0,0.0,0.0,1.0,0.0,2.0,0.0,1.0,4.0
SAA01.10.03,0.0,0.0,1.0,0.0,0.0,1.0,4.0,1.0,0.0,0.0,0.0,0.0,3.0,1.0,21.0,0.0,1.0,0.0,0.0,1.0,0.0,0.0,2.0,2.0,1.0,0.0,2.0,0.0,0.0,6.0,2.0,1.0,0.0,2.0,1.0,0.0,4.0,0.0,0.0,0.0,0.0,2.0,0.0,0.0,0.0,0.0,1.0,0.0,0.0,0.0,4.0,0.0,0.0,0.0,1.0,0.0
SAA01.10.04,0.0,0.0,0.0,0.0,2.0,0.0,0.0,0.0,0.0,0.0,0.0,0.0,3.0,2.0,3.0,1.0,0.0,0.0,0.0,0.0,0.0,2.0,0.0,0.0,0.0,0.0,1.0,0.0,0.0,1.0,1.0,0.0,0.0,1.0,0.0,0.0,0.0,1.0,0.0,0.0,0.0,1.0,0.0,1.0,1.0,0.0,0.0,0.0,0.0,0.0,0.0,0.0,0.0,1.0,0.0,0.0
SAA01.10.05,0.0,0.0,1.0,0.0,0.0,0.0,0.0,1.0,1.0,0.0,2.0,2.0,1.0,0.0,3.0,0.0,0.0,0.0,0.0,0.0,0.0,0.0,0.0,0.0,1.0,0.0,1.0,0.0,1.0,0.0,2.0,1.0,0.0,1.0,0.0,2.0,0.0,0.0,0.0,1.0,1.0,0.0,0.0,0.0,1.0,0.0,1.0,0.0,0.0,0.0,0.0,1.0,0.0,0.0,2.0,0.0
SAA01.10.06,2.0,0.0,0.0,0.0,0.0,0.0,3.0,1.0,0.0,0.0,2.0,1.0,8.0,1.0,7.0,0.0,0.0,0.0,2.0,0.0,0.0,1.0,2.0,1.0,1.0,0.0,6.0,0.0,2.0,1.0,5.0,0.0,0.0,0.0,0.0,0.0,1.0,1.0,1.0,1.0,6.0,0.0,0.0,0.0,0.0,0.0,2.0,1.0,0.0,2.0,2.0,1.0,0.0,0.0,3.0,0.0
SAA01.10.07,0.0,0.0,3.0,0.0,0.0,0.0,2.0,0.0,0.0,0.0,0.0,4.0,0.0,0.0,4.0,0.0,1.0,0.0,0.0,0.0,0.0,0.0,1.0,3.0,1.0,0.0,4.0,0.0,0.0,0.0,4.0,0.0,0.0,2.0,0.0,1.0,1.0,0.0,0.0,0.0,3.0,0.0,1.0,0.0,0.0,0.0,1.0,1.0,0.0,0.0,0.0,0.0,0.0,0.0,1.0,0.0
SAA01.11.01,1.0,1.0,2.0,0.0,0.0,0.0,0.0,0.0,0.0,0.0,0.0,0.0,5.0,0.0,4.0,0.0,0.0,0.0,0.0,0.0,0.0,1.0,0.0,0.0,1.0,0.0,0.0,0.0,0.0,0.0,1.0,1.0,0.0,5.0,0.0,0.0,0.0,1.0,0.0,1.0,0.0,0.0,0.0,0.0,3.0,0.0,2.0,0.0,0.0,0.0,3.0,0.0,0.0,0.0,1.0,0.0
SAA01.11.02,1.0,0.0,0.0,0.0,0.0,3.0,1.0,3.0,0.0,0.0,0.0,0.0,1.0,0.0,11.0,0.0,0.0,0.0,0.0,0.0,0.0,2.0,3.0,0.0,0.0,0.0,4.0,0.0,0.0,0.0,0.0,1.0,1.0,2.0,0.0,0.0,3.0,3.0,0.0,1.0,3.0,0.0,2.0,1.0,0.0,0.0,1.0,0.0,0.0,1.0,0.0,1.0,0.0,0.0,1.0,0.0
SAA01.11.03,0.0,0.0,6.0,0.0,0.0,1.0,4.0,3.0,2.0,1.0,0.0,4.0,9.0,1.0,8.0,0.0,1.0,0.0,1.0,2.0,3.0,1.0,3.0,3.0,1.0,0.0,0.0,0.0,2.0,4.0,7.0,0.0,2.0,4.0,0.0,1.0,4.0,6.0,3.0,2.0,0.0,0.0,2.0,1.0,5.0,0.0,3.0,0.0,0.0,1.0,2.0,0.0,1.0,0.0,3.0,0.0
SAA01.12.01,8.0,0.0,4.0,0.0,1.0,6.0,7.0,2.0,0.0,2.0,2.0,0.0,4.0,0.0,24.0,3.0,9.0,0.0,1.0,2.0,11.0,1.0,3.0,4.0,1.0,0.0,3.0,0.0,6.0,3.0,16.0,5.0,3.0,7.0,5.0,2.0,5.0,13.0,1.0,4.0,0.0,2.0,0.0,1.0,4.0,0.0,6.0,0.0,0.0,6.0,4.0,0.0,2.0,0.0,6.0,0.0
SAA01.13.01,0.0,3.0,0.0,0.0,3.0,0.0,5.0,1.0,2.0,0.0,2.0,0.0,5.0,10.0,19.0,0.0,0.0,2.0,0.0,2.0,15.0,0.0,5.0,0.0,7.0,0.0,8.0,0.0,2.0,0.0,21.0,0.0,9.0,0.0,0.0,2.0,0.0,17.0,0.0,8.0,5.0,0.0,4.0,2.0,0.0,2.0,2.0,0.0,0.0,10.0,4.0,0.0,0.0,1.0,1.0,0.0
SAA01.13.02,11.0,3.0,28.0,0.0,11.0,5.0,18.0,2.0,19.0,1.0,28.0,4.0,54.0,3.0,88.0,4.0,9.0,1.0,13.0,7.0,36.0,2.0,42.0,6.0,11.0,5.0,31.0,5.0,21.0,26.0,33.0,8.0,51.0,49.0,9.0,10.0,19.0,44.0,25.0,0.0,22.0,1.0,4.0,6.0,21.0,4.0,10.0,1.0,1.0,36.0,17.0,1.0,9.0,0.0,4.0,2.0
SAA01.14.01,3.0,1.0,2.0,0.0,6.0,0.0,9.0,2.0,2.0,2.0,11.0,3.0,17.0,2.0,43.0,6.0,0.0,0.0,0.0,3.0,23.0,6.0,11.0,6.0,6.0,3.0,10.0,3.0,3.0,8.0,19.0,11.0,8.0,13.0,4.0,7.0,16.0,35.0,8.0,1.0,6.0,0.0,2.0,3.0,3.0,3.0,3.0,1.0,0.0,10.0,8.0,0.0,4.0,1.0,3.0,0.0
SAA01.14.02,1.0,1.0,1.0,0.0,2.0,0.0,0.0,1.0,2.0,0.0,0.0,5.0,1.0,0.0,15.0,0.0,0.0,0.0,0.0,0.0,3.0,0.0,4.0,2.0,1.0,0.0,2.0,0.0,2.0,4.0,7.0,4.0,0.0,3.0,1.0,0.0,3.0,3.0,3.0,3.0,1.0,1.0,0.0,1.0,0.0,0.0,1.0,0.0,0.0,2.0,3.0,0.0,0.0,0.0,0.0,1.0
SAA01.14.03,0.0,0.0,1.0,0.0,0.0,0.0,1.0,2.0,0.0,0.0,0.0,1.0,2.0,0.0,1.0,0.0,0.0,0.0,0.0,0.0,0.0,1.0,2.0,0.0,0.0,0.0,4.0,0.0,0.0,0.0,1.0,0.0,0.0,0.0,0.0,0.0,1.0,1.0,0.0,1.0,4.0,0.0,0.0,0.0,0.0,0.0,1.0,1.0,0.0,0.0,1.0,0.0,0.0,0.0,2.0,0.0
SAA01.14.04,0.0,0.0,0.0,0.0,1.0,0.0,2.0,1.0,0.0,0.0,2.0,0.0,2.0,0.0,3.0,0.0,0.0,0.0,2.0,2.0,0.0,0.0,0.0,0.0,0.0,2.0,2.0,0.0,0.0,1.0,2.0,0.0,0.0,1.0,0.0,0.0,0.0,1.0,1.0,0.0,0.0,0.0,0.0,0.0,1.0,0.0,0.0,0.0,0.0,0.0,0.0,0.0,0.0,0.0,1.0,0.0
SAA05.01.01,3.0,1.0,14.0,6.0,3.0,5.0,34.0,0.0,12.0,5.0,11.0,32.0,23.0,33.0,73.0,2.0,2.0,0.0,2.0,4.0,25.0,4.0,26.0,15.0,20.0,2.0,33.0,14.0,17.0,12.0,48.0,17.0,7.0,29.0,7.0,8.0,37.0,35.0,12.0,0.0,27.0,0.0,7.0,9.0,9.0,2.0,14.0,7.0,1.0,32.0,13.0,1.0,3.0,0.0,30.0,0.0
SAA05.02.01,10.0,0.0,1.0,8.0,1.0,1.0,17.0,1.0,3.0,0.0,2.0,7.0,47.0,0.0,36.0,1.0,1.0,1.0,2.0,0.0,7.0,0.0,24.0,0.0,2.0,15.0,27.0,6.0,4.0,5.0,25.0,4.0,12.0,5.0,5.0,5.0,15.0,7.0,5.0,0.0,25.0,0.0,1.0,0.0,0.0,2.0,9.0,2.0,0.0,2.0,3.0,0.0,1.0,1.0,17.0,1.0
SAA05.02.01c or SAA05,0.0,1.0,1.0,1.0,0.0,0.0,1.0,0.0,0.0,0.0,0.0,4.0,3.0,1.0,2.0,2.0,0.0,0.0,0.0,0.0,1.0,0.0,3.0,3.0,2.0,0.0,2.0,0.0,1.0,1.0,2.0,0.0,1.0,2.0,0.0,3.0,2.0,2.0,0.0,0.0,1.0,1.0,0.0,0.0,0.0,0.0,1.0,0.0,0.0,1.0,1.0,0.0,0.0,0.0,1.0,0.0
SAA05.02.02,4.0,1.0,29.0,1.0,7.0,8.0,23.0,3.0,13.0,0.0,22.0,40.0,56.0,17.0,69.0,9.0,7.0,0.0,14.0,18.0,38.0,1.0,53.0,21.0,21.0,21.0,42.0,13.0,18.0,17.0,75.0,15.0,37.0,43.0,10.0,13.0,37.0,49.0,15.0,0.0,20.0,2.0,5.0,6.0,13.0,5.0,13.0,0.0,2.0,36.0,11.0,0.0,9.0,0.0,13.0,1.0
SAA05.02.03,0.0,0.0,2.0,0.0,0.0,1.0,3.0,0.0,0.0,0.0,1.0,0.0,5.0,1.0,4.0,1.0,0.0,0.0,0.0,0.0,2.0,0.0,0.0,0.0,2.0,0.0,6.0,0.0,0.0,0.0,3.0,1.0,0.0,2.0,0.0,1.0,4.0,2.0,0.0,0.0,6.0,0.0,0.0,0.0,2.0,1.0,1.0,0.0,0.0,5.0,0.0,0.0,2.0,0.0,2.0,0.0
SAA05.03.01,0.0,0.0,2.0,0.0,0.0,0.0,2.0,0.0,0.0,0.0,0.0,4.0,1.0,1.0,6.0,1.0,0.0,0.0,1.0,0.0,1.0,0.0,2.0,0.0,0.0,0.0,0.0,3.0,0.0,0.0,5.0,1.0,2.0,3.0,0.0,1.0,5.0,2.0,0.0,1.0,0.0,0.0,0.0,0.0,0.0,0.0,0.0,2.0,0.0,3.0,4.0,1.0,0.0,0.0,2.0,0.0
SAA05.03.02,0.0,1.0,1.0,0.0,1.0,0.0,1.0,1.0,2.0,1.0,0.0,4.0,0.0,0.0,7.0,5.0,0.0,0.0,1.0,0.0,4.0,4.0,0.0,4.0,1.0,0.0,3.0,6.0,2.0,1.0,5.0,0.0,2.0,5.0,1.0,3.0,2.0,8.0,1.0,3.0,0.0,0.0,1.0,0.0,6.0,0.0,1.0,0.0,1.0,2.0,1.0,0.0,2.0,0.0,0.0,0.0
SAA05.03.03,0.0,0.0,1.0,1.0,1.0,0.0,4.0,0.0,3.0,0.0,0.0,1.0,8.0,1.0,2.0,0.0,1.0,0.0,1.0,0.0,2.0,0.0,2.0,0.0,0.0,3.0,0.0,6.0,3.0,0.0,5.0,0.0,0.0,0.0,0.0,0.0,1.0,1.0,0.0,0.0,0.0,0.0,0.0,0.0,0.0,0.0,0.0,1.0,0.0,0.0,0.0,0.0,0.0,0.0,4.0,0.0
SAA05.03.04,0.0,1.0,1.0,0.0,2.0,1.0,1.0,0.0,0.0,0.0,5.0,0.0,5.0,3.0,3.0,3.0,0.0,0.0,3.0,0.0,1.0,0.0,3.0,1.0,0.0,0.0,11.0,0.0,0.0,0.0,4.0,1.0,0.0,2.0,0.0,5.0,3.0,2.0,0.0,0.0,8.0,0.0,0.0,0.0,0.0,1.0,1.0,2.0,0.0,1.0,2.0,0.0,0.0,0.0,0.0,3.0
SAA05.03.05,0.0,0.0,0.0,0.0,0.0,0.0,0.0,0.0,0.0,0.0,2.0,0.0,0.0,0.0,0.0,0.0,0.0,0.0,1.0,0.0,0.0,0.0,0.0,0.0,0.0,0.0,0.0,0.0,0.0,0.0,1.0,0.0,0.0,0.0,0.0,0.0,0.0,1.0,0.0,0.0,0.0,0.0,0.0,0.0,0.0,0.0,0.0,0.0,0.0,1.0,1.0,0.0,0.0,0.0,0.0,0.0
SAA05.04.01,5.0,1.0,19.0,0.0,15.0,1.0,9.0,0.0,6.0,0.0,2.0,1.0,43.0,0.0,105.0,3.0,5.0,2.0,3.0,11.0,14.0,10.0,29.0,5.0,14.0,1.0,35.0,0.0,16.0,25.0,39.0,9.0,11.0,51.0,6.0,12.0,53.0,27.0,13.0,1.0,3.0,11.0,3.0,7.0,18.0,2.0,3.0,3.0,0.0,24.0,7.0,0.0,1.0,5.0,2.0,5.0
SAA05.04.02,4.0,1.0,7.0,2.0,1.0,3.0,12.0,0.0,0.0,1.0,3.0,6.0,26.0,0.0,50.0,2.0,1.0,0.0,1.0,4.0,4.0,0.0,14.0,0.0,7.0,2.0,36.0,0.0,5.0,23.0,21.0,8.0,5.0,20.0,2.0,6.0,15.0,14.0,15.0,0.0,18.0,7.0,1.0,2.0,5.0,0.0,5.0,9.0,1.0,12.0,12.0,0.0,2.0,1.0,9.0,3.0
SAA05.05.01,0.0,0.0,2.0,0.0,2.0,0.0,10.0,0.0,1.0,0.0,5.0,0.0,5.0,0.0,12.0,0.0,2.0,0.0,4.0,1.0,11.0,0.0,2.0,0.0,4.0,0.0,11.0,0.0,1.0,7.0,7.0,4.0,0.0,4.0,0.0,0.0,3.0,12.0,4.0,0.0,3.0,3.0,0.0,0.0,3.0,2.0,3.0,1.0,0.0,5.0,1.0,0.0,0.0,0.0,3.0,0.0
SAA05.05.02,1.0,2.0,4.0,3.0,2.0,4.0,6.0,0.0,2.0,1.0,2.0,10.0,9.0,3.0,13.0,0.0,0.0,1.0,1.0,3.0,7.0,8.0,7.0,4.0,4.0,1.0,10.0,3.0,4.0,1.0,19.0,0.0,5.0,11.0,0.0,2.0,5.0,15.0,0.0,0.0,6.0,0.0,3.0,1.0,2.0,0.0,1.0,3.0,0.0,1.0,4.0,0.0,1.0,0.0,4.0,0.0
SAA05.05.03,0.0,0.0,0.0,0.0,0.0,0.0,2.0,1.0,1.0,0.0,0.0,5.0,3.0,0.0,4.0,0.0,0.0,0.0,0.0,0.0,3.0,0.0,0.0,1.0,2.0,0.0,2.0,0.0,1.0,0.0,2.0,1.0,0.0,0.0,1.0,0.0,6.0,3.0,0.0,0.0,0.0,0.0,0.0,0.0,0.0,1.0,0.0,1.0,0.0,1.0,0.0,4.0,0.0,0.0,2.0,0.0
SAA05.05.04,1.0,0.0,2.0,0.0,0.0,0.0,2.0,0.0,0.0,0.0,4.0,0.0,3.0,0.0,3.0,1.0,0.0,0.0,0.0,0.0,2.0,0.0,2.0,1.0,0.0,1.0,3.0,0.0,0.0,1.0,3.0,1.0,1.0,1.0,0.0,0.0,2.0,2.0,1.0,0.0,3.0,0.0,0.0,0.0,0.0,1.0,1.0,0.0,0.0,3.0,1.0,0.0,0.0,0.0,1.0,0.0
SAA05.05.05,,,,,,,,,,,,,,,,,,,,,,,,,,,,,,,,,,,,,,,,,,,,,,,,,,,,,,,,
SAA05.06.01,9.0,3.0,27.0,8.0,16.0,4.0,33.0,2.0,9.0,2.0,23.0,39.0,64.0,6.0,112.0,22.0,7.0,0.0,2.0,12.0,54.0,8.0,32.0,13.0,28.0,0.0,20.0,18.0,14.0,43.0,78.0,6.0,34.0,34.0,15.0,7.0,41.0,72.0,20.0,0.0,8.0,7.0,22.0,6.0,18.0,2.0,15.0,1.0,0.0,26.0,14.0,2.0,2.0,4.0,15.0,1.0
SAA05.06.02,1.0,1.0,7.0,0.0,0.0,0.0,1.0,1.0,0.0,2.0,5.0,1.0,8.0,0.0,14.0,0.0,0.0,1.0,0.0,7.0,2.0,0.0,1.0,0.0,2.0,0.0,3.0,0.0,3.0,2.0,4.0,1.0,0.0,1.0,0.0,2.0,0.0,5.0,0.0,0.0,0.0,2.0,0.0,0.0,2.0,3.0,1.0,0.0,4.0,5.0,0.0,0.0,0.0,5.0,1.0,0.0
SAA05.06.03,4.0,5.0,9.0,20.0,3.0,9.0,8.0,3.0,9.0,7.0,32.0,0.0,26.0,4.0,62.0,4.0,2.0,0.0,2.0,1.0,25.0,4.0,6.0,11.0,12.0,1.0,17.0,1.0,12.0,13.0,37.0,6.0,9.0,36.0,7.0,11.0,20.0,34.0,9.0,0.0,5.0,1.0,6.0,1.0,13.0,1.0,7.0,1.0,1.0,30.0,8.0,0.0,3.0,0.0,3.0,0.0
SAA05.06.04,0.0,0.0,0.0,0.0,0.0,0.0,1.0,0.0,0.0,0.0,0.0,2.0,0.0,2.0,4.0,0.0,0.0,0.0,1.0,0.0,0.0,0.0,0.0,0.0,0.0,0.0,0.0,0.0,1.0,1.0,1.0,0.0,0.0,0.0,0.0,0.0,0.0,0.0,1.0,0.0,0.0,0.0,0.0,0.0,0.0,0.0,1.0,0.0,0.0,0.0,1.0,0.0,0.0,0.0,1.0,0.0
SAA05.07.01,5.0,4.0,16.0,1.0,4.0,3.0,13.0,0.0,9.0,2.0,6.0,4.0,20.0,23.0,72.0,5.0,1.0,0.0,3.0,0.0,17.0,10.0,26.0,3.0,4.0,8.0,36.0,0.0,7.0,6.0,39.0,0.0,7.0,17.0,4.0,9.0,32.0,27.0,5.0,12.0,16.0,1.0,4.0,1.0,17.0,4.0,3.0,3.0,2.0,20.0,12.0,0.0,0.0,1.0,0.0,1.0
SAA05.07.02,0.0,0.0,3.0,0.0,2.0,0.0,4.0,0.0,0.0,1.0,6.0,0.0,9.0,6.0,10.0,0.0,0.0,1.0,0.0,3.0,4.0,0.0,4.0,3.0,2.0,0.0,11.0,0.0,2.0,5.0,10.0,0.0,2.0,4.0,2.0,1.0,6.0,3.0,2.0,0.0,7.0,3.0,0.0,0.0,3.0,0.0,1.0,2.0,0.0,3.0,1.0,0.0,1.0,0.0,3.0,0.0
SAA05.07.03,0.0,0.0,0.0,0.0,0.0,0.0,0.0,2.0,0.0,0.0,2.0,0.0,0.0,5.0,5.0,0.0,0.0,0.0,1.0,0.0,0.0,0.0,0.0,0.0,1.0,0.0,3.0,0.0,0.0,4.0,3.0,0.0,0.0,0.0,0.0,0.0,0.0,0.0,1.0,0.0,0.0,3.0,0.0,0.0,0.0,0.0,1.0,0.0,0.0,2.0,0.0,0.0,0.0,0.0,3.0,0.0
SAA05.07.04,1.0,3.0,2.0,0.0,1.0,0.0,3.0,0.0,0.0,1.0,9.0,0.0,2.0,7.0,9.0,2.0,0.0,1.0,0.0,2.0,4.0,5.0,3.0,3.0,1.0,2.0,7.0,0.0,2.0,4.0,12.0,1.0,1.0,5.0,0.0,1.0,1.0,10.0,1.0,0.0,0.0,3.0,0.0,0.0,1.0,0.0,0.0,0.0,6.0,4.0,4.0,0.0,0.0,0.0,0.0,0.0
SAA05.07.05,0.0,1.0,0.0,0.0,0.0,1.0,2.0,0.0,0.0,0.0,0.0,0.0,3.0,0.0,5.0,0.0,0.0,0.0,0.0,0.0,0.0,0.0,0.0,0.0,0.0,0.0,3.0,0.0,0.0,4.0,2.0,0.0,0.0,0.0,0.0,0.0,0.0,0.0,1.0,0.0,0.0,3.0,0.0,0.0,0.0,0.0,1.0,0.0,0.0,0.0,1.0,0.0,0.0,0.0,2.0,0.0
SAA05.08.01,1.0,0.0,8.0,0.0,1.0,4.0,10.0,0.0,3.0,3.0,9.0,1.0,22.0,14.0,46.0,2.0,4.0,1.0,0.0,2.0,9.0,0.0,14.0,5.0,9.0,3.0,26.0,4.0,9.0,13.0,26.0,3.0,7.0,16.0,1.0,7.0,16.0,11.0,12.0,1.0,16.0,1.0,3.0,2.0,8.0,1.0,5.0,5.0,1.0,13.0,8.0,1.0,0.0,3.0,7.0,4.0
SAA05.08.02,2.0,0.0,2.0,2.0,1.0,1.0,2.0,0.0,0.0,2.0,0.0,0.0,3.0,0.0,2.0,6.0,2.0,0.0,0.0,1.0,3.0,0.0,0.0,0.0,1.0,0.0,1.0,0.0,2.0,0.0,1.0,4.0,1.0,1.0,1.0,1.0,2.0,3.0,0.0,0.0,1.0,0.0,1.0,2.0,0.0,0.0,0.0,0.0,0.0,6.0,5.0,0.0,0.0,0.0,0.0,0.0
SAA05.08.03,1.0,0.0,3.0,0.0,0.0,2.0,2.0,0.0,0.0,3.0,0.0,5.0,4.0,3.0,11.0,0.0,1.0,0.0,0.0,1.0,10.0,0.0,2.0,4.0,0.0,0.0,5.0,0.0,3.0,0.0,6.0,5.0,1.0,7.0,0.0,0.0,9.0,11.0,0.0,0.0,1.0,0.0,0.0,0.0,4.0,0.0,2.0,1.0,0.0,6.0,1.0,0.0,1.0,0.0,2.0,0.0
SAA05.08.04,0.0,0.0,6.0,0.0,2.0,2.0,4.0,1.0,2.0,0.0,1.0,0.0,10.0,0.0,15.0,0.0,1.0,0.0,0.0,1.0,10.0,0.0,7.0,2.0,7.0,0.0,13.0,0.0,2.0,4.0,15.0,0.0,10.0,11.0,1.0,0.0,3.0,13.0,4.0,0.0,7.0,0.0,0.0,0.0,1.0,2.0,4.0,0.0,0.0,7.0,3.0,0.0,1.0,1.0,2.0,0.0
SAA05.08.05,2.0,0.0,4.0,0.0,0.0,1.0,2.0,0.0,1.0,0.0,4.0,4.0,4.0,2.0,10.0,1.0,1.0,0.0,0.0,0.0,6.0,0.0,0.0,4.0,3.0,0.0,7.0,0.0,2.0,0.0,5.0,2.0,5.0,4.0,0.0,4.0,7.0,6.0,0.0,3.0,5.0,0.0,1.0,2.0,3.0,1.0,2.0,1.0,0.0,3.0,2.0,0.0,1.0,0.0,0.0,2.0
SAA05.08.06,1.0,2.0,7.0,0.0,1.0,1.0,8.0,0.0,3.0,1.0,3.0,6.0,24.0,0.0,52.0,2.0,0.0,2.0,0.0,1.0,8.0,0.0,6.0,6.0,5.0,4.0,26.0,0.0,5.0,18.0,26.0,2.0,4.0,6.0,1.0,3.0,10.0,14.0,15.0,0.0,17.0,3.0,0.0,0.0,2.0,0.0,7.0,1.0,1.0,5.0,10.0,0.0,0.0,3.0,6.0,0.0
SAA05.08.07,4.0,0.0,4.0,2.0,1.0,1.0,2.0,0.0,0.0,0.0,2.0,4.0,5.0,4.0,14.0,0.0,0.0,0.0,0.0,2.0,5.0,0.0,2.0,1.0,3.0,0.0,4.0,0.0,0.0,2.0,9.0,5.0,8.0,5.0,0.0,2.0,7.0,7.0,2.0,1.0,4.0,0.0,2.0,0.0,1.0,0.0,1.0,1.0,0.0,3.0,4.0,0.0,1.0,0.0,2.0,0.0
SAA05.08.08,0.0,3.0,2.0,0.0,0.0,0.0,6.0,0.0,0.0,0.0,2.0,1.0,5.0,0.0,7.0,0.0,0.0,1.0,0.0,4.0,5.0,1.0,2.0,2.0,1.0,3.0,4.0,0.0,0.0,0.0,9.0,0.0,4.0,6.0,2.0,5.0,1.0,7.0,0.0,0.0,4.0,0.0,0.0,4.0,0.0,0.0,1.0,0.0,0.0,3.0,3.0,0.0,0.0,0.0,1.0,0.0
SAA05.08.09,0.0,0.0,0.0,0.0,1.0,0.0,1.0,0.0,1.0,0.0,3.0,0.0,1.0,2.0,3.0,0.0,0.0,0.0,0.0,0.0,0.0,1.0,0.0,0.0,0.0,1.0,0.0,3.0,1.0,0.0,1.0,1.0,1.0,1.0,0.0,0.0,0.0,1.0,0.0,0.0,0.0,0.0,0.0,3.0,0.0,0.0,1.0,0.0,0.0,0.0,1.0,0.0,0.0,0.0,1.0,0.0
SAA05.08.10,1.0,0.0,2.0,0.0,0.0,1.0,1.0,0.0,1.0,0.0,0.0,9.0,3.0,0.0,8.0,0.0,0.0,0.0,0.0,1.0,2.0,1.0,4.0,1.0,0.0,5.0,0.0,1.0,1.0,0.0,5.0,3.0,1.0,2.0,0.0,3.0,6.0,3.0,0.0,0.0,0.0,0.0,0.0,0.0,1.0,0.0,0.0,0.0,0.0,2.0,3.0,0.0,0.0,0.0,0.0,0.0
SAA05.08.11,0.0,1.0,1.0,1.0,0.0,0.0,3.0,0.0,0.0,0.0,0.0,3.0,4.0,0.0,7.0,0.0,0.0,0.0,0.0,1.0,0.0,2.0,5.0,3.0,2.0,0.0,3.0,0.0,0.0,2.0,4.0,2.0,1.0,4.0,1.0,2.0,3.0,2.0,2.0,0.0,2.0,0.0,0.0,0.0,0.0,0.0,0.0,1.0,0.0,4.0,0.0,0.0,0.0,0.0,1.0,0.0
SAA05.08.12,0.0,0.0,0.0,0.0,1.0,0.0,1.0,0.0,0.0,0.0,1.0,0.0,2.0,1.0,4.0,0.0,0.0,0.0,0.0,2.0,2.0,0.0,0.0,0.0,0.0,0.0,0.0,0.0,2.0,2.0,1.0,1.0,0.0,2.0,0.0,2.0,0.0,2.0,2.0,0.0,0.0,0.0,0.0,0.0,0.0,0.0,1.0,0.0,0.0,2.0,1.0,0.0,0.0,0.0,1.0,0.0
SAA05.08.13,3.0,1.0,1.0,0.0,3.0,0.0,0.0,0.0,0.0,0.0,3.0,1.0,13.0,0.0,27.0,2.0,1.0,0.0,0.0,0.0,1.0,0.0,5.0,0.0,2.0,0.0,0.0,0.0,0.0,3.0,3.0,1.0,1.0,5.0,0.0,1.0,2.0,1.0,0.0,0.0,0.0,0.0,0.0,0.0,1.0,0.0,4.0,0.0,0.0,2.0,2.0,0.0,0.0,0.0,0.0,3.0
SAA05.09.01,2.0,1.0,11.0,0.0,5.0,2.0,8.0,0.0,6.0,1.0,11.0,5.0,17.0,3.0,48.0,2.0,0.0,1.0,6.0,2.0,14.0,1.0,8.0,3.0,16.0,4.0,22.0,1.0,9.0,7.0,32.0,1.0,15.0,26.0,15.0,8.0,25.0,20.0,5.0,1.0,6.0,2.0,7.0,3.0,5.0,3.0,2.0,0.0,0.0,16.0,12.0,2.0,0.0,1.0,2.0,0.0
SAA05.09.02,0.0,0.0,1.0,0.0,0.0,0.0,1.0,0.0,1.0,2.0,4.0,0.0,3.0,2.0,6.0,0.0,0.0,1.0,0.0,0.0,1.0,0.0,1.0,0.0,0.0,0.0,2.0,0.0,2.0,0.0,1.0,1.0,0.0,0.0,0.0,0.0,2.0,2.0,0.0,0.0,2.0,0.0,0.0,0.0,0.0,0.0,1.0,0.0,0.0,0.0,1.0,0.0,0.0,0.0,1.0,0.0
SAA05.10.01,3.0,0.0,7.0,6.0,9.0,0.0,11.0,2.0,14.0,0.0,11.0,10.0,42.0,9.0,72.0,10.0,4.0,0.0,2.0,7.0,23.0,1.0,20.0,3.0,15.0,8.0,39.0,2.0,13.0,24.0,37.0,3.0,10.0,11.0,5.0,6.0,18.0,26.0,10.0,7.0,14.0,12.0,0.0,3.0,9.0,1.0,9.0,1.0,0.0,12.0,12.0,0.0,3.0,1.0,9.0,1.0
SAA05.10.02,1.0,1.0,0.0,1.0,0.0,1.0,6.0,0.0,0.0,1.0,7.0,9.0,10.0,0.0,5.0,0.0,0.0,0.0,0.0,1.0,4.0,4.0,5.0,1.0,1.0,0.0,10.0,1.0,1.0,0.0,7.0,4.0,3.0,8.0,4.0,2.0,8.0,11.0,0.0,3.0,7.0,0.0,3.0,2.0,2.0,2.0,0.0,5.0,1.0,8.0,1.0,0.0,1.0,0.0,2.0,2.0
SAA05.10.03,1.0,0.0,2.0,0.0,0.0,0.0,4.0,0.0,0.0,1.0,0.0,2.0,0.0,0.0,3.0,0.0,0.0,0.0,1.0,0.0,0.0,0.0,0.0,0.0,0.0,0.0,1.0,1.0,1.0,0.0,2.0,1.0,0.0,1.0,0.0,0.0,2.0,0.0,0.0,0.0,1.0,0.0,0.0,1.0,0.0,0.0,2.0,0.0,0.0,1.0,0.0,0.0,0.0,0.0,2.0,0.0
SAA05.10.04,3.0,2.0,7.0,0.0,1.0,1.0,17.0,0.0,4.0,6.0,7.0,31.0,35.0,0.0,48.0,1.0,1.0,5.0,5.0,7.0,13.0,5.0,8.0,25.0,5.0,1.0,30.0,4.0,10.0,0.0,41.0,11.0,8.0,25.0,3.0,7.0,27.0,21.0,0.0,9.0,14.0,0.0,2.0,8.0,7.0,2.0,4.0,3.0,0.0,28.0,13.0,0.0,0.0,3.0,7.0,0.0
SAA05.10.05,0.0,2.0,4.0,0.0,0.0,1.0,5.0,0.0,1.0,0.0,4.0,0.0,3.0,0.0,21.0,3.0,0.0,0.0,0.0,1.0,2.0,0.0,3.0,2.0,1.0,1.0,2.0,2.0,2.0,6.0,4.0,0.0,2.0,6.0,0.0,2.0,10.0,1.0,5.0,0.0,1.0,1.0,0.0,0.0,5.0,0.0,1.0,1.0,0.0,7.0,6.0,0.0,0.0,1.0,1.0,0.0
SAA05.11.01,1.0,3.0,6.0,1.0,4.0,1.0,11.0,2.0,11.0,3.0,4.0,14.0,21.0,0.0,49.0,0.0,0.0,6.0,1.0,10.0,25.0,1.0,15.0,0.0,9.0,1.0,13.0,3.0,19.0,12.0,30.0,5.0,3.0,14.0,4.0,7.0,22.0,32.0,12.0,0.0,10.0,0.0,2.0,5.0,4.0,0.0,5.0,2.0,2.0,9.0,7.0,0.0,5.0,0.0,3.0,0.0
SAA05.12.01,1.0,0.0,0.0,0.0,1.0,0.0,4.0,0.0,1.0,0.0,2.0,0.0,8.0,0.0,2.0,0.0,0.0,0.0,0.0,0.0,2.0,0.0,1.0,0.0,1.0,0.0,11.0,0.0,1.0,0.0,1.0,1.0,0.0,2.0,2.0,1.0,0.0,2.0,0.0,0.0,9.0,0.0,1.0,0.0,0.0,0.0,4.0,0.0,0.0,0.0,2.0,0.0,0.0,1.0,4.0,0.0
SAA05.12.02,0.0,0.0,0.0,0.0,0.0,0.0,3.0,0.0,0.0,0.0,0.0,0.0,2.0,0.0,7.0,0.0,0.0,0.0,0.0,0.0,3.0,0.0,0.0,0.0,1.0,0.0,6.0,0.0,0.0,5.0,1.0,0.0,4.0,1.0,0.0,0.0,3.0,3.0,1.0,0.0,0.0,4.0,1.0,0.0,0.0,0.0,1.0,0.0,0.0,2.0,0.0,0.0,0.0,2.0,0.0,1.0
SAA05.12.03,0.0,0.0,0.0,0.0,0.0,0.0,2.0,0.0,0.0,0.0,2.0,0.0,0.0,2.0,3.0,0.0,0.0,0.0,0.0,1.0,1.0,0.0,3.0,0.0,1.0,1.0,2.0,0.0,0.0,2.0,3.0,0.0,0.0,0.0,1.0,0.0,0.0,1.0,1.0,0.0,1.0,1.0,0.0,0.0,0.0,0.0,1.0,0.0,0.0,0.0,1.0,0.0,0.0,0.0,2.0,0.0
SAA05.12.04,1.0,0.0,4.0,0.0,4.0,2.0,1.0,1.0,4.0,0.0,0.0,6.0,5.0,1.0,15.0,0.0,0.0,0.0,1.0,0.0,6.0,0.0,4.0,0.0,1.0,4.0,13.0,0.0,4.0,0.0,8.0,0.0,1.0,5.0,0.0,0.0,1.0,6.0,0.0,0.0,6.0,0.0,0.0,1.0,1.0,2.0,0.0,1.0,0.0,1.0,1.0,0.0,1.0,1.0,1.0,0.0
SAA05.12.05,0.0,0.0,2.0,0.0,0.0,0.0,3.0,0.0,3.0,0.0,1.0,0.0,4.0,0.0,3.0,0.0,0.0,0.0,0.0,0.0,0.0,0.0,2.0,0.0,0.0,0.0,4.0,0.0,4.0,0.0,2.0,0.0,0.0,1.0,1.0,0.0,2.0,0.0,0.0,0.0,4.0,0.0,0.0,0.0,0.0,0.0,0.0,1.0,0.0,0.0,0.0,0.0,0.0,0.0,3.0,0.0
SAA05.12.06,1.0,0.0,0.0,0.0,0.0,0.0,0.0,3.0,1.0,0.0,1.0,7.0,7.0,1.0,1.0,0.0,1.0,0.0,0.0,0.0,1.0,0.0,1.0,1.0,0.0,0.0,2.0,1.0,1.0,0.0,5.0,1.0,1.0,2.0,1.0,2.0,0.0,1.0,0.0,0.0,2.0,0.0,0.0,0.0,1.0,0.0,1.0,0.0,0.0,0.0,0.0,0.0,0.0,0.0,3.0,0.0
SAA05.12.07,1.0,0.0,1.0,0.0,2.0,0.0,0.0,4.0,1.0,3.0,2.0,0.0,3.0,0.0,9.0,0.0,0.0,0.0,0.0,0.0,3.0,0.0,0.0,0.0,0.0,2.0,0.0,3.0,4.0,2.0,3.0,1.0,0.0,4.0,0.0,0.0,1.0,3.0,1.0,0.0,0.0,0.0,0.0,0.0,1.0,1.0,1.0,0.0,0.0,0.0,1.0,0.0,0.0,0.0,1.0,0.0
SAA05.12.08,0.0,0.0,0.0,0.0,0.0,0.0,0.0,0.0,0.0,0.0,0.0,0.0,3.0,0.0,3.0,0.0,0.0,0.0,1.0,0.0,0.0,0.0,0.0,0.0,0.0,0.0,2.0,0.0,0.0,1.0,1.0,0.0,0.0,0.0,0.0,0.0,1.0,0.0,1.0,0.0,2.0,0.0,0.0,0.0,0.0,0.0,1.0,0.0,0.0,0.0,1.0,0.0,0.0,0.0,1.0,0.0
SAA05.12.09,0.0,0.0,0.0,0.0,0.0,0.0,0.0,0.0,0.0,0.0,0.0,1.0,0.0,0.0,1.0,0.0,0.0,0.0,0.0,1.0,0.0,0.0,1.0,0.0,0.0,0.0,0.0,0.0,0.0,0.0,5.0,0.0,0.0,0.0,0.0,0.0,0.0,1.0,0.0,0.0,0.0,0.0,0.0,0.0,0.0,0.0,0.0,0.0,0.0,0.0,1.0,1.0,0.0,0.0,0.0,0.0
SAA05.12.10,9.0,2.0,24.0,4.0,5.0,10.0,16.0,2.0,4.0,5.0,16.0,16.0,42.0,3.0,104.0,4.0,5.0,1.0,6.0,12.0,12.0,4.0,52.0,15.0,28.0,13.0,39.0,4.0,17.0,30.0,82.0,6.0,9.0,33.0,11.0,17.0,23.0,23.0,18.0,2.0,14.0,8.0,6.0,10.0,16.0,3.0,6.0,3.0,4.0,27.0,27.0,3.0,2.0,4.0,7.0,1.0
SAA05.13.01,2.0,0.0,4.0,0.0,2.0,0.0,1.0,1.0,1.0,0.0,10.0,0.0,11.0,0.0,8.0,0.0,0.0,0.0,0.0,3.0,7.0,2.0,3.0,0.0,2.0,0.0,2.0,0.0,2.0,1.0,6.0,0.0,9.0,0.0,6.0,2.0,5.0,10.0,1.0,0.0,0.0,0.0,0.0,1.0,4.0,0.0,0.0,0.0,0.0,5.0,3.0,0.0,0.0,0.0,0.0,0.0
SAA05.13.02,0.0,0.0,3.0,0.0,0.0,0.0,0.0,0.0,0.0,0.0,0.0,0.0,5.0,0.0,1.0,0.0,1.0,0.0,0.0,0.0,1.0,0.0,3.0,0.0,6.0,0.0,4.0,0.0,0.0,0.0,6.0,0.0,3.0,0.0,1.0,0.0,1.0,1.0,0.0,0.0,3.0,0.0,1.0,1.0,0.0,0.0,2.0,0.0,0.0,0.0,0.0,0.0,0.0,0.0,0.0,4.0
SAA05.13.03,3.0,1.0,2.0,3.0,3.0,3.0,3.0,1.0,2.0,2.0,5.0,0.0,21.0,1.0,32.0,5.0,1.0,0.0,1.0,1.0,11.0,1.0,15.0,3.0,6.0,0.0,12.0,0.0,3.0,6.0,21.0,4.0,2.0,23.0,4.0,5.0,8.0,14.0,6.0,1.0,4.0,0.0,1.0,1.0,8.0,0.0,2.0,0.0,0.0,8.0,2.0,1.0,1.0,0.0,1.0,0.0
SAA05.14.01,0.0,0.0,1.0,0.0,0.0,1.0,2.0,0.0,0.0,2.0,3.0,0.0,8.0,0.0,5.0,3.0,1.0,0.0,2.0,2.0,0.0,3.0,0.0,4.0,2.0,0.0,3.0,0.0,4.0,0.0,8.0,2.0,1.0,6.0,0.0,3.0,3.0,3.0,0.0,5.0,2.0,0.0,0.0,0.0,0.0,0.0,0.0,0.0,0.0,3.0,1.0,0.0,2.0,0.0,0.0,0.0
SAA05.14.02,2.0,0.0,0.0,0.0,0.0,0.0,0.0,0.0,0.0,0.0,0.0,0.0,1.0,0.0,5.0,0.0,0.0,0.0,0.0,0.0,0.0,0.0,0.0,0.0,0.0,0.0,2.0,0.0,0.0,0.0,5.0,2.0,0.0,1.0,1.0,0.0,0.0,1.0,0.0,1.0,2.0,0.0,0.0,0.0,0.0,0.0,1.0,0.0,0.0,5.0,0.0,0.0,0.0,0.0,1.0,0.0
SAA05.14.03,0.0,0.0,1.0,0.0,0.0,0.0,1.0,0.0,1.0,0.0,1.0,0.0,3.0,0.0,7.0,0.0,0.0,0.0,0.0,0.0,1.0,0.0,1.0,0.0,1.0,0.0,0.0,4.0,1.0,2.0,1.0,0.0,2.0,0.0,0.0,1.0,2.0,1.0,0.0,1.0,0.0,0.0,0.0,0.0,1.0,0.0,2.0,0.0,0.0,1.0,2.0,0.0,1.0,0.0,1.0,0.0
SAA05.14.04,5.0,2.0,22.0,0.0,7.0,1.0,10.0,2.0,14.0,2.0,14.0,0.0,28.0,2.0,55.0,1.0,1.0,2.0,11.0,5.0,18.0,1.0,23.0,3.0,25.0,1.0,14.0,1.0,16.0,9.0,35.0,8.0,6.0,12.0,0.0,1.0,25.0,13.0,9.0,3.0,8.0,0.0,2.0,1.0,5.0,0.0,8.0,3.0,1.0,14.0,8.0,0.0,3.0,2.0,1.0,0.0
SAA15.01.01,4.0,2.0,16.0,1.0,3.0,0.0,22.0,0.0,8.0,0.0,25.0,1.0,50.0,8.0,113.0,0.0,7.0,4.0,4.0,9.0,18.0,3.0,20.0,9.0,22.0,6.0,22.0,29.0,3.0,46.0,58.0,6.0,8.0,42.0,6.0,10.0,50.0,24.0,18.0,0.0,3.0,13.0,5.0,5.0,14.0,1.0,9.0,13.0,2.0,24.0,9.0,1.0,1.0,6.0,14.0,0.0
SAA15.01.02,0.0,0.0,0.0,0.0,0.0,0.0,1.0,0.0,0.0,0.0,1.0,0.0,2.0,0.0,3.0,0.0,0.0,0.0,0.0,0.0,0.0,0.0,0.0,0.0,2.0,0.0,0.0,1.0,0.0,1.0,2.0,0.0,0.0,3.0,0.0,0.0,0.0,0.0,0.0,0.0,0.0,0.0,0.0,0.0,0.0,0.0,0.0,0.0,0.0,0.0,0.0,0.0,0.0,0.0,0.0,0.0
SAA15.01.03,2.0,0.0,3.0,0.0,0.0,0.0,1.0,0.0,1.0,0.0,2.0,0.0,5.0,0.0,3.0,0.0,2.0,0.0,0.0,0.0,0.0,0.0,0.0,0.0,1.0,0.0,2.0,0.0,2.0,1.0,1.0,0.0,0.0,0.0,0.0,0.0,0.0,0.0,0.0,0.0,0.0,1.0,0.0,0.0,0.0,0.0,0.0,0.0,0.0,0.0,0.0,0.0,0.0,0.0,1.0,0.0
SAA15.01.04,1.0,1.0,2.0,2.0,0.0,0.0,3.0,0.0,3.0,0.0,2.0,0.0,9.0,2.0,14.0,1.0,0.0,0.0,0.0,1.0,7.0,2.0,2.0,2.0,2.0,0.0,6.0,0.0,4.0,5.0,9.0,0.0,1.0,10.0,1.0,5.0,8.0,10.0,4.0,0.0,3.0,1.0,2.0,3.0,1.0,0.0,1.0,0.0,0.0,5.0,0.0,0.0,0.0,2.0,1.0,0.0
SAA15.02.01,13.0,1.0,19.0,0.0,21.0,6.0,23.0,1.0,17.0,4.0,33.0,4.0,59.0,20.0,137.0,8.0,8.0,3.0,8.0,18.0,23.0,12.0,34.0,16.0,22.0,5.0,31.0,21.0,25.0,38.0,68.0,22.0,25.0,54.0,11.0,7.0,55.0,35.0,24.0,4.0,11.0,4.0,3.0,9.0,29.0,0.0,9.0,10.0,4.0,51.0,15.0,0.0,5.0,0.0,14.0,0.0
SAA15.02.02,3.0,0.0,1.0,0.0,1.0,2.0,3.0,1.0,2.0,0.0,1.0,0.0,8.0,1.0,12.0,1.0,1.0,0.0,0.0,1.0,3.0,1.0,2.0,5.0,2.0,0.0,4.0,0.0,3.0,1.0,4.0,1.0,1.0,8.0,2.0,5.0,4.0,6.0,1.0,1.0,1.0,0.0,1.0,0.0,0.0,0.0,0.0,0.0,0.0,8.0,1.0,1.0,0.0,2.0,0.0,0.0
SAA15.02.03,0.0,0.0,1.0,0.0,0.0,0.0,1.0,0.0,0.0,0.0,1.0,0.0,3.0,0.0,9.0,0.0,0.0,0.0,0.0,0.0,2.0,0.0,0.0,0.0,2.0,0.0,0.0,0.0,0.0,4.0,7.0,0.0,0.0,2.0,0.0,0.0,1.0,3.0,1.0,0.0,0.0,0.0,0.0,0.0,0.0,0.0,0.0,1.0,0.0,2.0,1.0,0.0,0.0,0.0,1.0,0.0
SAA15.03.01,7.0,0.0,6.0,0.0,2.0,2.0,3.0,0.0,10.0,2.0,5.0,15.0,22.0,5.0,50.0,4.0,2.0,0.0,2.0,5.0,12.0,0.0,10.0,8.0,7.0,0.0,15.0,5.0,13.0,12.0,22.0,1.0,7.0,13.0,2.0,9.0,16.0,16.0,2.0,1.0,4.0,4.0,0.0,0.0,6.0,0.0,6.0,0.0,1.0,9.0,5.0,1.0,2.0,1.0,3.0,1.0
SAA15.03.02,4.0,2.0,13.0,0.0,13.0,0.0,6.0,0.0,20.0,0.0,11.0,5.0,25.0,2.0,38.0,2.0,1.0,1.0,0.0,8.0,28.0,0.0,3.0,26.0,5.0,12.0,15.0,4.0,21.0,7.0,41.0,1.0,3.0,15.0,14.0,1.0,13.0,30.0,0.0,1.0,6.0,4.0,2.0,3.0,4.0,0.0,5.0,0.0,1.0,9.0,9.0,0.0,2.0,8.0,1.0,4.0
SAA15.03.03,0.0,0.0,3.0,1.0,1.0,0.0,5.0,0.0,0.0,0.0,2.0,2.0,10.0,0.0,12.0,0.0,0.0,0.0,0.0,1.0,1.0,0.0,3.0,2.0,9.0,3.0,13.0,4.0,0.0,6.0,14.0,0.0,1.0,3.0,0.0,1.0,2.0,4.0,2.0,0.0,8.0,1.0,0.0,0.0,0.0,0.0,6.0,1.0,0.0,1.0,0.0,0.0,0.0,2.0,5.0,2.0
SAA15.03.04,6.0,0.0,5.0,0.0,4.0,0.0,4.0,0.0,2.0,0.0,6.0,0.0,13.0,0.0,19.0,0.0,2.0,0.0,0.0,1.0,10.0,0.0,10.0,0.0,5.0,0.0,2.0,1.0,3.0,8.0,14.0,3.0,2.0,7.0,4.0,2.0,8.0,10.0,3.0,0.0,0.0,0.0,1.0,0.0,2.0,0.0,2.0,1.0,0.0,10.0,3.0,0.0,1.0,1.0,4.0,1.0
SAA15.03.05,0.0,0.0,1.0,0.0,0.0,0.0,1.0,0.0,0.0,0.0,0.0,0.0,2.0,0.0,3.0,0.0,1.0,0.0,0.0,0.0,2.0,0.0,0.0,3.0,0.0,0.0,0.0,3.0,0.0,2.0,0.0,1.0,0.0,0.0,2.0,0.0,1.0,2.0,0.0,0.0,0.0,0.0,0.0,0.0,0.0,0.0,1.0,0.0,0.0,0.0,1.0,0.0,0.0,0.0,1.0,0.0
SAA15.03.06,7.0,3.0,5.0,2.0,3.0,4.0,2.0,0.0,1.0,1.0,3.0,3.0,11.0,5.0,24.0,2.0,0.0,1.0,2.0,5.0,5.0,7.0,9.0,6.0,0.0,3.0,3.0,1.0,2.0,1.0,13.0,11.0,10.0,18.0,6.0,2.0,11.0,15.0,1.0,1.0,2.0,0.0,2.0,5.0,5.0,2.0,1.0,0.0,3.0,17.0,3.0,0.0,1.0,1.0,0.0,0.0
SAA15.04.01,4.0,2.0,11.0,0.0,9.0,2.0,6.0,1.0,5.0,0.0,7.0,0.0,26.0,0.0,49.0,1.0,3.0,0.0,8.0,2.0,10.0,2.0,15.0,0.0,28.0,1.0,6.0,7.0,4.0,10.0,44.0,1.0,3.0,24.0,5.0,5.0,11.0,13.0,4.0,7.0,0.0,0.0,0.0,2.0,7.0,1.0,3.0,1.0,0.0,15.0,10.0,0.0,2.0,0.0,6.0,1.0
SAA15.04.02,20.0,0.0,30.0,0.0,17.0,7.0,25.0,5.0,12.0,1.0,33.0,8.0,64.0,5.0,176.0,2.0,10.0,1.0,4.0,13.0,43.0,0.0,41.0,21.0,26.0,0.0,28.0,7.0,21.0,24.0,86.0,8.0,20.0,68.0,13.0,11.0,45.0,48.0,12.0,8.0,8.0,3.0,5.0,1.0,18.0,1.0,10.0,2.0,1.0,48.0,24.0,0.0,1.0,8.0,16.0,3.0
SAA15.04.03,3.0,1.0,3.0,0.0,1.0,0.0,2.0,0.0,1.0,0.0,2.0,0.0,2.0,0.0,14.0,6.0,0.0,0.0,1.0,0.0,5.0,0.0,5.0,0.0,3.0,1.0,6.0,0.0,3.0,4.0,12.0,1.0,4.0,6.0,1.0,4.0,8.0,9.0,3.0,1.0,1.0,1.0,0.0,1.0,2.0,2.0,1.0,0.0,0.0,5.0,3.0,0.0,1.0,0.0,1.0,0.0
SAA15.05.01,10.0,1.0,28.0,0.0,12.0,1.0,51.0,2.0,9.0,3.0,28.0,3.0,81.0,0.0,149.0,2.0,7.0,6.0,5.0,19.0,25.0,29.0,30.0,14.0,38.0,5.0,37.0,12.0,12.0,45.0,64.0,5.0,39.0,30.0,9.0,5.0,35.0,68.0,26.0,0.0,4.0,16.0,6.0,7.0,22.0,0.0,7.0,8.0,2.0,58.0,13.0,2.0,7.0,2.0,28.0,0.0
SAA15.05.02,4.0,0.0,19.0,0.0,5.0,0.0,28.0,0.0,5.0,2.0,42.0,0.0,59.0,0.0,113.0,4.0,7.0,0.0,1.0,9.0,7.0,22.0,10.0,8.0,25.0,0.0,25.0,16.0,9.0,51.0,36.0,6.0,17.0,15.0,8.0,5.0,20.0,35.0,23.0,0.0,0.0,11.0,0.0,12.0,6.0,0.0,7.0,2.0,1.0,46.0,9.0,0.0,0.0,8.0,16.0,0.0
SAA15.05.03,2.0,0.0,3.0,0.0,8.0,0.0,8.0,0.0,2.0,0.0,20.0,4.0,21.0,0.0,43.0,0.0,0.0,1.0,3.0,4.0,8.0,0.0,6.0,1.0,21.0,0.0,10.0,1.0,2.0,18.0,23.0,0.0,1.0,5.0,1.0,3.0,5.0,8.0,7.0,0.0,1.0,8.0,1.0,3.0,2.0,2.0,3.0,1.0,0.0,7.0,6.0,0.0,1.0,4.0,3.0,1.0
SAA15.05.04,0.0,1.0,3.0,0.0,0.0,0.0,4.0,0.0,0.0,0.0,0.0,0.0,7.0,0.0,12.0,0.0,0.0,0.0,0.0,1.0,1.0,0.0,1.0,2.0,2.0,0.0,5.0,0.0,0.0,6.0,5.0,0.0,2.0,0.0,2.0,0.0,4.0,1.0,1.0,0.0,0.0,5.0,1.0,0.0,0.0,0.0,1.0,1.0,1.0,0.0,2.0,0.0,0.0,1.0,3.0,0.0
SAA15.05.05,6.0,0.0,9.0,0.0,2.0,4.0,6.0,1.0,2.0,0.0,20.0,0.0,12.0,4.0,18.0,9.0,1.0,2.0,2.0,4.0,6.0,5.0,14.0,5.0,4.0,4.0,11.0,4.0,3.0,9.0,14.0,6.0,5.0,10.0,3.0,1.0,7.0,13.0,6.0,0.0,1.0,2.0,0.0,3.0,4.0,0.0,3.0,0.0,1.0,8.0,7.0,0.0,1.0,1.0,1.0,0.0
SAA15.06.01,4.0,5.0,29.0,0.0,11.0,9.0,32.0,0.0,9.0,2.0,50.0,2.0,78.0,0.0,163.0,1.0,7.0,11.0,6.0,25.0,24.0,21.0,30.0,23.0,32.0,15.0,67.0,38.0,13.0,82.0,107.0,2.0,16.0,83.0,16.0,6.0,40.0,53.0,19.0,0.0,4.0,28.0,3.0,20.0,9.0,0.0,10.0,8.0,1.0,35.0,12.0,3.0,2.0,7.0,21.0,0.0
SAA15.06.01 or SAA15,1.0,0.0,2.0,0.0,1.0,1.0,3.0,0.0,1.0,0.0,1.0,0.0,5.0,0.0,9.0,0.0,0.0,1.0,1.0,0.0,2.0,0.0,1.0,0.0,3.0,0.0,4.0,0.0,1.0,0.0,4.0,0.0,2.0,1.0,1.0,0.0,3.0,3.0,0.0,0.0,0.0,0.0,0.0,0.0,1.0,0.0,0.0,0.0,0.0,10.0,0.0,1.0,0.0,0.0,0.0,0.0
SAA15.06.02,0.0,3.0,8.0,0.0,10.0,1.0,10.0,0.0,2.0,0.0,12.0,5.0,29.0,0.0,40.0,1.0,1.0,3.0,6.0,0.0,14.0,3.0,13.0,4.0,13.0,0.0,12.0,8.0,4.0,20.0,19.0,2.0,6.0,26.0,2.0,2.0,14.0,20.0,8.0,0.0,0.0,4.0,0.0,5.0,2.0,2.0,1.0,4.0,0.0,12.0,4.0,1.0,1.0,3.0,6.0,0.0
SAA15.06.03,0.0,1.0,3.0,4.0,0.0,6.0,4.0,0.0,1.0,0.0,8.0,0.0,12.0,0.0,19.0,1.0,0.0,1.0,1.0,2.0,1.0,1.0,0.0,3.0,2.0,0.0,2.0,5.0,2.0,8.0,17.0,0.0,9.0,10.0,4.0,1.0,6.0,3.0,3.0,0.0,0.0,0.0,0.0,2.0,0.0,0.0,0.0,2.0,0.0,9.0,2.0,0.0,0.0,2.0,2.0,0.0
SAA15.06.04,0.0,0.0,1.0,0.0,0.0,0.0,1.0,0.0,1.0,0.0,0.0,1.0,3.0,0.0,1.0,0.0,0.0,0.0,0.0,0.0,0.0,0.0,0.0,0.0,0.0,0.0,0.0,1.0,1.0,0.0,1.0,0.0,0.0,2.0,1.0,2.0,1.0,1.0,0.0,0.0,0.0,0.0,1.0,0.0,0.0,0.0,0.0,0.0,0.0,2.0,0.0,0.0,0.0,0.0,0.0,0.0
SAA15.06.05,0.0,2.0,0.0,0.0,0.0,1.0,3.0,1.0,0.0,1.0,0.0,3.0,7.0,0.0,10.0,0.0,0.0,0.0,0.0,0.0,2.0,0.0,3.0,0.0,3.0,0.0,5.0,0.0,2.0,0.0,5.0,0.0,0.0,6.0,1.0,0.0,5.0,2.0,0.0,2.0,4.0,0.0,0.0,0.0,1.0,0.0,0.0,2.0,0.0,2.0,1.0,0.0,0.0,0.0,2.0,0.0
SAA15.06.06,12.0,6.0,10.0,5.0,13.0,4.0,12.0,2.0,7.0,10.0,23.0,0.0,31.0,2.0,81.0,4.0,4.0,2.0,8.0,4.0,13.0,11.0,11.0,7.0,12.0,0.0,28.0,5.0,13.0,23.0,36.0,4.0,11.0,44.0,3.0,3.0,19.0,27.0,14.0,0.0,3.0,8.0,1.0,12.0,9.0,1.0,9.0,0.0,0.0,51.0,15.0,2.0,3.0,5.0,1.0,0.0
SAA15.07.01,8.0,2.0,30.0,0.0,11.0,3.0,29.0,1.0,13.0,2.0,45.0,7.0,60.0,6.0,116.0,9.0,5.0,1.0,1.0,4.0,28.0,7.0,21.0,8.0,20.0,3.0,41.0,13.0,18.0,39.0,52.0,7.0,19.0,44.0,8.0,8.0,31.0,40.0,15.0,4.0,9.0,17.0,1.0,5.0,18.0,1.0,13.0,8.0,0.0,37.0,14.0,1.0,4.0,2.0,21.0,1.0
SAA15.07.02,1.0,0.0,0.0,0.0,0.0,0.0,0.0,1.0,0.0,0.0,0.0,0.0,2.0,0.0,2.0,0.0,0.0,0.0,0.0,0.0,0.0,0.0,1.0,0.0,0.0,0.0,2.0,0.0,0.0,0.0,0.0,0.0,0.0,0.0,0.0,0.0,0.0,0.0,0.0,0.0,2.0,0.0,0.0,0.0,0.0,0.0,1.0,0.0,0.0,0.0,1.0,0.0,0.0,0.0,1.0,0.0
SAA15.07.03,0.0,0.0,1.0,0.0,0.0,1.0,1.0,0.0,0.0,0.0,3.0,0.0,2.0,0.0,5.0,0.0,0.0,0.0,1.0,2.0,1.0,0.0,2.0,1.0,0.0,0.0,0.0,1.0,0.0,3.0,1.0,0.0,1.0,1.0,0.0,0.0,1.0,1.0,1.0,0.0,0.0,0.0,0.0,0.0,2.0,0.0,1.0,0.0,0.0,1.0,1.0,0.0,0.0,0.0,1.0,0.0
SAA15.07.04,5.0,3.0,13.0,1.0,7.0,1.0,19.0,2.0,4.0,1.0,30.0,0.0,41.0,1.0,90.0,13.0,6.0,2.0,4.0,10.0,23.0,6.0,18.0,26.0,15.0,11.0,26.0,2.0,1.0,24.0,42.0,9.0,10.0,47.0,10.0,10.0,35.0,33.0,16.0,4.0,8.0,7.0,8.0,4.0,15.0,0.0,5.0,5.0,2.0,24.0,13.0,1.0,3.0,1.0,4.0,0.0
SAA15.07.05,2.0,0.0,2.0,0.0,2.0,0.0,1.0,0.0,0.0,0.0,0.0,0.0,4.0,0.0,13.0,0.0,1.0,0.0,2.0,3.0,0.0,0.0,3.0,1.0,0.0,0.0,2.0,0.0,0.0,3.0,1.0,0.0,0.0,0.0,0.0,0.0,3.0,0.0,0.0,0.0,0.0,1.0,0.0,0.0,0.0,0.0,0.0,1.0,0.0,1.0,1.0,0.0,0.0,0.0,1.0,0.0
SAA15.08.01,4.0,1.0,5.0,0.0,0.0,0.0,1.0,0.0,1.0,1.0,6.0,0.0,1.0,0.0,11.0,10.0,0.0,1.0,4.0,0.0,4.0,0.0,3.0,5.0,3.0,0.0,2.0,0.0,2.0,0.0,8.0,1.0,4.0,4.0,9.0,3.0,7.0,6.0,0.0,0.0,0.0,0.0,0.0,0.0,5.0,0.0,0.0,0.0,0.0,0.0,6.0,1.0,0.0,0.0,0.0,0.0
SAA15.08.02,0.0,2.0,5.0,0.0,0.0,1.0,1.0,0.0,2.0,0.0,11.0,0.0,8.0,0.0,17.0,0.0,0.0,1.0,2.0,0.0,2.0,0.0,3.0,2.0,3.0,0.0,0.0,2.0,1.0,3.0,3.0,1.0,1.0,2.0,0.0,0.0,4.0,2.0,3.0,0.0,0.0,0.0,0.0,0.0,5.0,0.0,1.0,0.0,0.0,1.0,2.0,2.0,0.0,0.0,0.0,0.0
SAA15.08.03,3.0,0.0,3.0,5.0,0.0,1.0,2.0,0.0,1.0,0.0,4.0,0.0,9.0,1.0,15.0,1.0,1.0,0.0,1.0,0.0,6.0,6.0,2.0,1.0,9.0,0.0,3.0,3.0,2.0,4.0,15.0,2.0,2.0,4.0,2.0,4.0,6.0,11.0,2.0,1.0,0.0,0.0,2.0,0.0,5.0,0.0,1.0,0.0,1.0,6.0,4.0,0.0,2.0,0.0,0.0,0.0
SAA15.09.01,1.0,0.0,2.0,0.0,0.0,0.0,1.0,0.0,1.0,0.0,0.0,0.0,4.0,0.0,9.0,0.0,1.0,0.0,0.0,1.0,2.0,0.0,0.0,0.0,0.0,3.0,2.0,4.0,0.0,5.0,3.0,1.0,0.0,1.0,0.0,1.0,6.0,2.0,5.0,0.0,1.0,0.0,0.0,0.0,2.0,0.0,1.0,1.0,0.0,0.0,2.0,0.0,0.0,0.0,1.0,0.0
SAA15.09.02,0.0,0.0,2.0,0.0,0.0,0.0,0.0,0.0,0.0,1.0,0.0,0.0,7.0,0.0,3.0,2.0,1.0,1.0,1.0,0.0,0.0,2.0,3.0,0.0,1.0,0.0,2.0,0.0,1.0,3.0,2.0,2.0,1.0,0.0,1.0,0.0,2.0,3.0,1.0,0.0,0.0,2.0,2.0,0.0,1.0,0.0,1.0,0.0,0.0,1.0,2.0,0.0,0.0,1.0,0.0,0.0
SAA15.09.03,0.0,0.0,0.0,0.0,0.0,0.0,1.0,0.0,0.0,0.0,0.0,1.0,2.0,0.0,2.0,0.0,0.0,0.0,0.0,0.0,1.0,0.0,1.0,0.0,1.0,0.0,1.0,2.0,1.0,1.0,2.0,0.0,0.0,0.0,0.0,0.0,0.0,1.0,0.0,0.0,0.0,0.0,0.0,2.0,0.0,0.0,1.0,0.0,0.0,0.0,0.0,0.0,0.0,0.0,1.0,0.0
SAA15.09.04,0.0,0.0,0.0,0.0,0.0,0.0,1.0,0.0,0.0,0.0,0.0,0.0,3.0,0.0,1.0,0.0,0.0,0.0,0.0,0.0,0.0,0.0,1.0,1.0,0.0,0.0,3.0,0.0,0.0,1.0,1.0,1.0,0.0,0.0,0.0,0.0,0.0,0.0,0.0,0.0,1.0,1.0,0.0,0.0,0.0,0.0,1.0,0.0,0.0,0.0,0.0,0.0,0.0,0.0,1.0,0.0
SAA15.09.05,0.0,0.0,0.0,0.0,1.0,0.0,2.0,0.0,0.0,0.0,1.0,0.0,2.0,0.0,10.0,0.0,0.0,0.0,0.0,0.0,4.0,0.0,0.0,0.0,1.0,0.0,2.0,0.0,0.0,3.0,2.0,0.0,0.0,4.0,1.0,2.0,1.0,4.0,1.0,0.0,0.0,2.0,0.0,0.0,0.0,0.0,1.0,0.0,0.0,3.0,2.0,0.0,0.0,0.0,1.0,0.0
SAA15.09.06,1.0,0.0,1.0,0.0,0.0,0.0,1.0,0.0,0.0,0.0,7.0,0.0,5.0,0.0,9.0,0.0,0.0,0.0,3.0,0.0,0.0,0.0,11.0,1.0,10.0,0.0,6.0,0.0,0.0,0.0,10.0,0.0,1.0,3.0,3.0,0.0,5.0,0.0,0.0,3.0,4.0,0.0,0.0,0.0,1.0,0.0,2.0,1.0,0.0,2.0,0.0,0.0,0.0,1.0,0.0,1.0
SAA15.09.07,8.0,1.0,31.0,6.0,11.0,7.0,33.0,7.0,17.0,10.0,52.0,17.0,86.0,3.0,156.0,25.0,12.0,3.0,15.0,16.0,42.0,17.0,57.0,23.0,32.0,14.0,65.0,5.0,30.0,51.0,87.0,22.0,37.0,56.0,12.0,14.0,55.0,77.0,32.0,7.0,25.0,17.0,8.0,8.0,22.0,3.0,15.0,9.0,3.0,53.0,21.0,7.0,5.0,3.0,13.0,1.0
SAA15.09.08,0.0,0.0,0.0,0.0,0.0,1.0,3.0,0.0,1.0,0.0,0.0,0.0,4.0,0.0,6.0,0.0,0.0,0.0,0.0,0.0,1.0,1.0,0.0,0.0,0.0,0.0,4.0,1.0,1.0,2.0,0.0,0.0,0.0,0.0,1.0,0.0,0.0,1.0,0.0,0.0,0.0,1.0,0.0,0.0,0.0,0.0,2.0,0.0,0.0,0.0,0.0,0.0,0.0,0.0,2.0,0.0
SAA15.09.09,,,,,,,,,,,,,,,,,,,,,,,,,,,,,,,,,,,,,,,,,,,,,,,,,,,,,,,,
