dossier,BA:..,BA:.t.,BU:..,BU:.p.,DA:..,DA:.d.,DI:..,DI:.d.,LI:..,LI:.d.,LU₂:v..,LU₂:v.y.,NA:..,NA:.t.,NI:..,NI:.d.,SU:..,SU:.t.,TI:..,TI:.t.,U₂:..,U₂:.m.,|ME.U.U.U|:..,|ME.U.U.U|:.m.,ŠA:..,ŠA:.dm.,ia,ia₂,li,li₂,ša,ša₂,šu,šu₂,tu,tu₂,u,u₂,bēlu[lord]N:bēlī:be-li₂,bēlu[lord]N:bēlī:EN,bēlu[lord]N:bēlīya:EN-ia,bēlu[lord]N:bēlīya:be-li₂-ia,libbu[interior]N:libbi:ŠA₃,libbu[interior]N:libbi:ŠA₃-bi,lā[not]MOD:lā:la,lā[not]MOD:lā:la-a,lū[may]MOD:lū:lu,lū[may]MOD:lū:lu-u,mā[saying]PRP:mā:ma,mā[saying]PRP:mā:ma-a,muhhu[skull]N:muhhi:UGU,muhhu[skull]N:muhhi:UGU-hi,pānu[front]N:pān:IGI,pānu[front]N:pān:pa-an,šulmu[completeness]N:šulmu:DI-mu,šulmu[completeness]N:šulmu:šul-mu
SAA01.01.01.a,10.0,0.0,15.0,0.0,3.0,0.0,4.0,1.0,9.0,0.0,26.0,1.0,42.0,11.0,74.0,4.0,6.0,2.0,11.0,8.0,20.0,3.0,21.0,15.0,20.0,0.0,20.0,0.0,8.0,7.0,42.0,11.0,10.0,46.0,17.0,12.0,20.0,27.0,1.0,0.0,0.0,6.0,3.0,0.0,11.0,0.0,20.0,2.0,0.0,27.0,11.0,0.0,2.0,2.0,1.0,2.0
SAA01.01.01.b,1.0,0.0,1.0,0.0,0.0,0.0,0.0,0.0,4.0,0.0,5.0,0.0,3.0,0.0,4.0,0.0,0.0,0.0,1.0,2.0,1.0,1.0,1.0,0.0,0.0,0.0,0.0,0.0,6.0,0.0,2.0,0.0,0.0,2.0,0.0,2.0,2.0,3.0,0.0,0.0,0.0,0.0,0.0,0.0,1.0,0.0,0.0,0.0,0.0,1.0,1.0,0.0,0.0,0.0,0.0,0.0
SAA01.01.01.c,20.0,2.0,38.0,0.0,21.0,2.0,16.0,2.0,11.0,4.0,29.0,5.0,46.0,5.0,108.0,10.0,11.0,2.0,16.0,20.0,45.0,9.0,29.0,8.0,27.0,9.0,13.0,0.0,20.0,1.0,81.0,11.0,29.0,48.0,28.0,20.0,26.0,60.0,1.0,0.0,0.0,0.0,9.0,7.0,30.0,1.0,11.0,1.0,4.0,34.0,15.0,1.0,1.0,3.0,0.0,0.0
SAA01.02.01.a,6.0,4.0,22.0,0.0,9.0,0.0,20.0,1.0,1.0,0.0,25.0,0.0,51.0,2.0,58.0,1.0,7.0,4.0,1.0,7.0,19.0,13.0,19.0,5.0,39.0,0.0,34.0,1.0,1.0,6.0,49.0,4.0,17.0,30.0,4.0,24.0,22.0,38.0,1.0,2.0,14.0,5.0,6.0,2.0,7.0,2.0,11.0,1.0,1.0,56.0,12.0,0.0,0.0,0.0,13.0,12.0
SAA01.02.01.c,1.0,1.0,8.0,0.0,11.0,2.0,11.0,4.0,2.0,1.0,30.0,0.0,33.0,17.0,40.0,2.0,5.0,1.0,2.0,2.0,22.0,2.0,37.0,1.0,25.0,4.0,20.0,0.0,5.0,5.0,40.0,6.0,9.0,18.0,2.0,19.0,14.0,26.0,2.0,2.0,10.0,3.0,0.0,6.0,6.0,2.0,7.0,1.0,1.0,20.0,4.0,0.0,1.0,2.0,4.0,9.0
SAA01.03.01.a,9.0,9.0,8.0,3.0,4.0,6.0,24.0,14.0,7.0,6.0,34.0,0.0,75.0,1.0,115.0,4.0,3.0,7.0,12.0,12.0,19.0,3.0,32.0,3.0,26.0,2.0,53.0,0.0,11.0,34.0,73.0,7.0,3.0,35.0,8.0,14.0,18.0,27.0,18.0,1.0,21.0,16.0,11.0,6.0,13.0,1.0,19.0,0.0,1.0,33.0,19.0,4.0,1.0,1.0,19.0,0.0
SAA01.03.01.b,0.0,0.0,2.0,0.0,1.0,0.0,2.0,2.0,1.0,0.0,4.0,0.0,13.0,0.0,24.0,0.0,1.0,0.0,0.0,1.0,3.0,0.0,5.0,1.0,7.0,1.0,12.0,0.0,1.0,8.0,16.0,0.0,1.0,1.0,4.0,0.0,4.0,4.0,6.0,0.0,9.0,2.0,2.0,0.0,1.0,0.0,5.0,1.0,0.0,3.0,5.0,0.0,1.0,0.0,5.0,0.0
SAA01.03.01.c,2.0,2.0,4.0,5.0,12.0,5.0,10.0,2.0,7.0,4.0,30.0,0.0,30.0,3.0,75.0,15.0,4.0,0.0,3.0,1.0,18.0,1.0,34.0,16.0,16.0,2.0,21.0,0.0,9.0,12.0,71.0,4.0,2.0,17.0,10.0,5.0,19.0,20.0,12.0,0.0,15.0,0.0,6.0,3.0,7.0,0.0,5.0,0.0,0.0,27.0,12.0,2.0,4.0,1.0,4.0,0.0
SAA01.04.01.a,12.0,0.0,39.0,0.0,5.0,3.0,39.0,1.0,15.0,5.0,49.0,0.0,50.0,70.0,79.0,0.0,9.0,0.0,4.0,12.0,30.0,5.0,49.0,5.0,64.0,0.0,57.0,23.0,27.0,4.0,72.0,15.0,13.0,36.0,5.0,25.0,28.0,37.0,3.0,16.0,46.0,1.0,2.0,8.0,10.0,7.0,23.0,4.0,0.0,43.0,15.0,0.0,0.0,4.0,33.0,0.0
SAA01.04.01.b,2.0,0.0,11.0,0.0,1.0,1.0,7.0,0.0,5.0,0.0,6.0,0.0,17.0,7.0,20.0,0.0,1.0,1.0,0.0,3.0,11.0,1.0,11.0,3.0,13.0,0.0,11.0,6.0,6.0,2.0,16.0,6.0,4.0,11.0,1.0,9.0,15.0,12.0,2.0,2.0,8.0,0.0,1.0,3.0,1.0,4.0,4.0,1.0,0.0,9.0,5.0,0.0,0.0,1.0,4.0,0.0
SAA01.04.01.c,4.0,0.0,10.0,0.0,2.0,3.0,6.0,0.0,6.0,0.0,10.0,0.0,13.0,7.0,26.0,1.0,2.0,0.0,1.0,3.0,3.0,1.0,11.0,4.0,16.0,0.0,15.0,4.0,5.0,3.0,20.0,1.0,3.0,15.0,1.0,3.0,8.0,4.0,3.0,3.0,14.0,0.0,0.0,0.0,0.0,5.0,4.0,0.0,0.0,3.0,7.0,0.0,1.0,4.0,3.0,0.0
SAA01.04.02.a,1.0,0.0,0.0,0.0,0.0,1.0,2.0,0.0,0.0,0.0,4.0,0.0,5.0,9.0,12.0,0.0,5.0,0.0,0.0,0.0,0.0,0.0,2.0,9.0,2.0,0.0,0.0,0.0,0.0,1.0,2.0,1.0,0.0,0.0,0.0,1.0,2.0,0.0,1.0,0.0,0.0,0.0,0.0,3.0,0.0,0.0,1.0,2.0,0.0,6.0,0.0,0.0,0.0,0.0,1.0,0.0
SAA01.05.01.c,3.0,0.0,5.0,0.0,2.0,0.0,1.0,0.0,1.0,0.0,2.0,0.0,8.0,0.0,13.0,0.0,1.0,0.0,2.0,0.0,6.0,0.0,7.0,0.0,6.0,0.0,5.0,0.0,1.0,2.0,8.0,0.0,0.0,6.0,4.0,0.0,4.0,6.0,2.0,0.0,4.0,0.0,0.0,0.0,0.0,0.0,1.0,0.0,0.0,1.0,3.0,0.0,3.0,0.0,1.0,0.0
SAA01.05.02.a,9.0,0.0,6.0,0.0,1.0,1.0,14.0,2.0,2.0,2.0,5.0,0.0,26.0,0.0,29.0,1.0,1.0,0.0,0.0,2.0,8.0,0.0,8.0,0.0,6.0,0.0,18.0,0.0,4.0,5.0,6.0,1.0,3.0,3.0,8.0,2.0,6.0,9.0,3.0,0.0,17.0,0.0,0.0,1.0,3.0,0.0,8.0,0.0,0.0,11.0,2.0,0.0,0.0,0.0,16.0,0.0
SAA01.05.02.b,1.0,0.0,0.0,0.0,0.0,0.0,1.0,0.0,0.0,0.0,1.0,0.0,2.0,0.0,3.0,0.0,0.0,0.0,0.0,2.0,0.0,0.0,1.0,0.0,0.0,0.0,3.0,0.0,0.0,1.0,0.0,0.0,0.0,0.0,0.0,0.0,0.0,0.0,1.0,0.0,2.0,0.0,0.0,0.0,0.0,0.0,1.0,0.0,0.0,0.0,1.0,0.0,0.0,0.0,1.0,0.0
SAA01.05.02.c,3.0,0.0,4.0,2.0,0.0,0.0,5.0,2.0,1.0,0.0,1.0,0.0,14.0,0.0,17.0,0.0,0.0,0.0,1.0,1.0,0.0,0.0,2.0,0.0,2.0,0.0,5.0,0.0,2.0,3.0,4.0,6.0,1.0,0.0,0.0,1.0,1.0,1.0,1.0,0.0,3.0,2.0,1.0,1.0,0.0,0.0,2.0,0.0,0.0,1.0,0.0,0.0,0.0,0.0,6.0,0.0
SAA01.06.01.a,2.0,1.0,4.0,0.0,4.0,2.0,1.0,5.0,4.0,1.0,18.0,0.0,10.0,18.0,18.0,1.0,0.0,1.0,0.0,2.0,5.0,2.0,18.0,0.0,2.0,3.0,6.0,8.0,4.0,7.0,15.0,0.0,1.0,13.0,5.0,2.0,6.0,6.0,5.0,0.0,4.0,1.0,1.0,0.0,5.0,1.0,3.0,1.0,0.0,8.0,3.0,0.0,0.0,1.0,2.0,1.0
SAA01.06.01.c,0.0,0.0,0.0,0.0,0.0,0.0,1.0,2.0,1.0,1.0,2.0,0.0,3.0,0.0,6.0,0.0,0.0,0.0,0.0,2.0,0.0,2.0,2.0,1.0,2.0,0.0,1.0,2.0,2.0,3.0,5.0,0.0,1.0,4.0,0.0,1.0,2.0,2.0,1.0,0.0,0.0,0.0,0.0,0.0,0.0,0.0,1.0,0.0,0.0,1.0,0.0,0.0,2.0,0.0,1.0,0.0
SAA01.06.02.a,0.0,0.0,1.0,0.0,4.0,0.0,3.0,0.0,2.0,0.0,7.0,0.0,18.0,0.0,10.0,0.0,2.0,0.0,2.0,0.0,8.0,0.0,10.0,5.0,1.0,6.0,6.0,6.0,2.0,1.0,9.0,5.0,1.0,6.0,0.0,2.0,4.0,8.0,1.0,3.0,5.0,0.0,1.0,1.0,1.0,0.0,1.0,0.0,0.0,1.0,0.0,0.0,0.0,1.0,0.0,2.0
SAA01.06.02.c,0.0,0.0,2.0,0.0,2.0,0.0,0.0,0.0,0.0,0.0,0.0,0.0,5.0,0.0,2.0,0.0,0.0,0.0,0.0,0.0,3.0,0.0,3.0,0.0,1.0,0.0,1.0,4.0,1.0,1.0,2.0,0.0,0.0,0.0,0.0,0.0,1.0,3.0,1.0,0.0,0.0,0.0,0.0,0.0,1.0,0.0,0.0,0.0,0.0,2.0,0.0,0.0,0.0,0.0,0.0,1.0
SAA01.06.03.a,1.0,0.0,2.0,0.0,0.0,2.0,1.0,1.0,0.0,0.0,0.0,0.0,8.0,0.0,19.0,0.0,1.0,0.0,0.0,0.0,1.0,0.0,1.0,0.0,4.0,0.0,10.0,0.0,0.0,8.0,6.0,0.0,0.0,0.0,0.0,0.0,5.0,1.0,3.0,0.0,4.0,5.0,0.0,0.0,1.0,0.0,0.0,0.0,0.0,1.0,0.0,0.0,0.0,2.0,0.0,0.0
SAA01.06.03.b,1.0,0.0,4.0,0.0,1.0,0.0,3.0,1.0,0.0,0.0,0.0,1.0,15.0,0.0,24.0,2.0,1.0,0.0,7.0,1.0,3.0,4.0,6.0,1.0,10.0,0.0,7.0,1.0,1.0,6.0,12.0,4.0,1.0,4.0,3.0,0.0,10.0,7.0,4.0,0.0,4.0,2.0,0.0,0.0,4.0,0.0,2.0,1.0,0.0,6.0,0.0,0.0,0.0,0.0,0.0,0.0
SAA01.07.01.a,0.0,0.0,6.0,0.0,1.0,0.0,0.0,0.0,1.0,0.0,0.0,1.0,10.0,0.0,14.0,0.0,0.0,1.0,0.0,0.0,1.0,0.0,6.0,0.0,3.0,0.0,0.0,5.0,0.0,8.0,6.0,1.0,1.0,5.0,1.0,0.0,4.0,1.0,0.0,0.0,0.0,0.0,0.0,0.0,0.0,0.0,0.0,2.0,0.0,0.0,0.0,0.0,0.0,0.0,0.0,4.0
SAA01.07.01.c,2.0,0.0,4.0,0.0,1.0,0.0,5.0,0.0,2.0,0.0,0.0,0.0,11.0,0.0,13.0,0.0,0.0,0.0,0.0,0.0,4.0,0.0,12.0,1.0,5.0,0.0,1.0,3.0,2.0,2.0,6.0,6.0,1.0,3.0,2.0,4.0,10.0,5.0,2.0,0.0,1.0,0.0,0.0,1.0,1.0,0.0,1.0,2.0,0.0,1.0,2.0,0.0,0.0,0.0,0.0,1.0
SAA01.07.02.a,0.0,1.0,2.0,0.0,0.0,0.0,1.0,0.0,2.0,0.0,1.0,1.0,3.0,0.0,9.0,0.0,0.0,0.0,0.0,3.0,1.0,0.0,1.0,0.0,3.0,1.0,4.0,0.0,1.0,1.0,8.0,1.0,0.0,0.0,0.0,0.0,4.0,1.0,0.0,2.0,3.0,1.0,0.0,2.0,0.0,0.0,1.0,0.0,0.0,1.0,2.0,0.0,0.0,1.0,1.0,0.0
SAA01.07.02.c,0.0,0.0,5.0,0.0,2.0,0.0,1.0,2.0,3.0,0.0,0.0,2.0,5.0,0.0,11.0,0.0,0.0,0.0,0.0,1.0,7.0,1.0,4.0,1.0,5.0,1.0,4.0,0.0,5.0,1.0,9.0,0.0,2.0,3.0,1.0,1.0,2.0,9.0,0.0,2.0,3.0,1.0,0.0,0.0,0.0,1.0,1.0,1.0,0.0,6.0,3.0,0.0,0.0,0.0,1.0,0.0
SAA01.07.03.b,0.0,0.0,1.0,0.0,0.0,0.0,0.0,0.0,0.0,0.0,0.0,0.0,4.0,0.0,0.0,0.0,0.0,0.0,0.0,0.0,2.0,0.0,0.0,0.0,0.0,1.0,2.0,0.0,0.0,1.0,3.0,0.0,0.0,0.0,0.0,0.0,1.0,2.0,0.0,0.0,1.0,1.0,0.0,0.0,0.0,0.0,0.0,1.0,0.0,0.0,1.0,0.0,0.0,0.0,0.0,0.0
SAA01.07.03.c,3.0,0.0,5.0,0.0,1.0,0.0,4.0,6.0,4.0,0.0,5.0,2.0,17.0,0.0,29.0,0.0,0.0,1.0,0.0,3.0,4.0,1.0,4.0,6.0,3.0,1.0,5.0,2.0,4.0,5.0,20.0,2.0,2.0,6.0,0.0,0.0,7.0,5.0,1.0,0.0,1.0,2.0,1.0,1.0,9.0,0.0,2.0,0.0,0.0,3.0,2.0,0.0,0.0,1.0,1.0,0.0
SAA01.07.04.a,0.0,0.0,2.0,0.0,0.0,0.0,1.0,0.0,0.0,0.0,1.0,0.0,2.0,1.0,7.0,0.0,0.0,0.0,0.0,1.0,2.0,0.0,1.0,1.0,3.0,2.0,6.0,0.0,0.0,2.0,5.0,0.0,1.0,0.0,0.0,0.0,4.0,2.0,2.0,0.0,4.0,0.0,1.0,0.0,0.0,0.0,0.0,1.0,0.0,1.0,0.0,0.0,0.0,0.0,1.0,0.0
SAA01.07.04.c,0.0,0.0,3.0,0.0,4.0,0.0,1.0,0.0,0.0,0.0,1.0,0.0,4.0,0.0,3.0,0.0,0.0,0.0,0.0,0.0,9.0,0.0,2.0,1.0,1.0,0.0,2.0,0.0,0.0,1.0,3.0,0.0,0.0,3.0,0.0,1.0,2.0,2.0,1.0,0.0,2.0,0.0,3.0,0.0,1.0,0.0,0.0,1.0,0.0,0.0,1.0,0.0,0.0,1.0,1.0,0.0
SAA01.07.05.a,0.0,0.0,0.0,0.0,1.0,2.0,1.0,0.0,5.0,0.0,0.0,4.0,8.0,0.0,19.0,0.0,0.0,0.0,0.0,1.0,2.0,0.0,2.0,0.0,0.0,3.0,0.0,0.0,5.0,0.0,4.0,0.0,0.0,1.0,0.0,0.0,1.0,2.0,0.0,0.0,0.0,0.0,0.0,0.0,0.0,2.0,0.0,0.0,0.0,2.0,0.0,0.0,2.0,0.0,0.0,0.0
SAA01.07.06.c,0.0,0.0,0.0,0.0,0.0,0.0,0.0,0.0,0.0,0.0,0.0,5.0,1.0,0.0,4.0,0.0,0.0,0.0,0.0,0.0,2.0,0.0,5.0,0.0,3.0,0.0,1.0,0.0,0.0,0.0,3.0,1.0,0.0,1.0,0.0,0.0,0.0,2.0,0.0,2.0,1.0,0.0,0.0,0.0,0.0,0.0,0.0,0.0,0.0,0.0,1.0,0.0,0.0,0.0,0.0,0.0
SAA01.07.07.a,1.0,0.0,0.0,0.0,1.0,0.0,1.0,0.0,1.0,1.0,1.0,2.0,3.0,1.0,2.0,0.0,0.0,0.0,0.0,0.0,1.0,0.0,2.0,0.0,0.0,0.0,0.0,2.0,1.0,1.0,4.0,0.0,0.0,3.0,0.0,0.0,0.0,1.0,0.0,0.0,0.0,0.0,0.0,0.0,5.0,0.0,1.0,0.0,0.0,0.0,0.0,0.0,2.0,0.0,1.0,0.0
SAA01.07.08.a,0.0,0.0,2.0,0.0,3.0,0.0,1.0,1.0,0.0,2.0,0.0,0.0,6.0,0.0,5.0,0.0,0.0,1.0,0.0,2.0,1.0,4.0,1.0,3.0,4.0,0.0,3.0,0.0,2.0,0.0,12.0,0.0,1.0,3.0,0.0,0.0,4.0,2.0,0.0,4.0,3.0,0.0,0.0,0.0,1.0,0.0,0.0,1.0,0.0,2.0,2.0,0.0,3.0,0.0,1.0,0.0
SAA01.07.09.a,0.0,0.0,0.0,0.0,0.0,0.0,1.0,1.0,0.0,0.0,0.0,0.0,1.0,0.0,7.0,0.0,0.0,0.0,0.0,0.0,0.0,0.0,2.0,0.0,1.0,0.0,2.0,0.0,0.0,4.0,1.0,0.0,0.0,0.0,0.0,0.0,0.0,0.0,2.0,0.0,0.0,2.0,0.0,0.0,0.0,0.0,1.0,0.0,0.0,0.0,1.0,0.0,0.0,0.0,1.0,0.0
SAA01.07.10.b,0.0,0.0,5.0,0.0,4.0,2.0,1.0,0.0,0.0,0.0,0.0,0.0,4.0,0.0,16.0,0.0,0.0,0.0,0.0,0.0,4.0,2.0,4.0,0.0,3.0,2.0,1.0,5.0,0.0,9.0,10.0,1.0,0.0,7.0,1.0,0.0,5.0,6.0,4.0,0.0,0.0,0.0,1.0,0.0,2.0,1.0,1.0,1.0,0.0,1.0,2.0,0.0,0.0,0.0,1.0,0.0
SAA01.07.11.a,0.0,0.0,0.0,0.0,0.0,0.0,2.0,0.0,1.0,0.0,0.0,1.0,4.0,0.0,1.0,0.0,1.0,0.0,0.0,0.0,0.0,0.0,2.0,0.0,1.0,0.0,3.0,1.0,1.0,0.0,1.0,0.0,0.0,1.0,1.0,0.0,0.0,0.0,0.0,0.0,2.0,0.0,0.0,0.0,0.0,2.0,1.0,0.0,0.0,0.0,0.0,0.0,0.0,0.0,2.0,0.0
SAA01.07.12.c,2.0,1.0,9.0,0.0,2.0,1.0,4.0,1.0,3.0,0.0,7.0,3.0,13.0,0.0,25.0,4.0,3.0,3.0,2.0,6.0,4.0,1.0,11.0,2.0,8.0,3.0,9.0,0.0,2.0,5.0,23.0,2.0,4.0,4.0,6.0,2.0,9.0,7.0,5.0,1.0,8.0,0.0,2.0,0.0,1.0,0.0,2.0,0.0,0.0,8.0,5.0,0.0,1.0,0.0,2.0,0.0
SAA01.07.13.a,0.0,0.0,0.0,0.0,0.0,1.0,2.0,0.0,0.0,0.0,0.0,0.0,0.0,0.0,4.0,0.0,1.0,0.0,0.0,0.0,1.0,0.0,0.0,0.0,2.0,0.0,1.0,2.0,0.0,1.0,2.0,0.0,0.0,0.0,0.0,0.0,2.0,1.0,1.0,0.0,0.0,0.0,0.0,0.0,2.0,0.0,0.0,1.0,0.0,0.0,0.0,0.0,0.0,0.0,1.0,0.0
SAA01.07.14.b,0.0,0.0,0.0,0.0,0.0,0.0,0.0,0.0,1.0,0.0,0.0,0.0,3.0,0.0,4.0,0.0,0.0,0.0,0.0,1.0,0.0,0.0,0.0,0.0,2.0,0.0,4.0,0.0,0.0,0.0,2.0,0.0,0.0,0.0,0.0,1.0,3.0,1.0,0.0,1.0,4.0,0.0,0.0,0.0,0.0,0.0,1.0,1.0,0.0,1.0,1.0,0.0,0.0,0.0,0.0,2.0
SAA01.07.15.c,0.0,0.0,0.0,0.0,0.0,0.0,1.0,0.0,0.0,0.0,0.0,0.0,2.0,0.0,3.0,3.0,0.0,0.0,0.0,0.0,2.0,0.0,0.0,1.0,0.0,0.0,1.0,2.0,0.0,3.0,0.0,0.0,0.0,0.0,0.0,1.0,1.0,2.0,0.0,0.0,0.0,1.0,0.0,1.0,0.0,0.0,0.0,1.0,0.0,0.0,0.0,0.0,0.0,0.0,0.0,1.0
SAA01.07.16.c,0.0,1.0,2.0,0.0,1.0,0.0,5.0,0.0,2.0,5.0,0.0,1.0,11.0,0.0,10.0,0.0,0.0,0.0,1.0,0.0,9.0,0.0,6.0,0.0,0.0,0.0,6.0,0.0,7.0,0.0,7.0,0.0,0.0,3.0,0.0,0.0,4.0,9.0,0.0,4.0,2.0,0.0,0.0,0.0,3.0,0.0,0.0,0.0,0.0,3.0,0.0,0.0,0.0,0.0,1.0,0.0
SAA01.07.17.a,1.0,0.0,2.0,0.0,1.0,0.0,3.0,1.0,0.0,0.0,2.0,0.0,4.0,0.0,5.0,0.0,0.0,0.0,1.0,1.0,4.0,0.0,1.0,4.0,0.0,2.0,1.0,2.0,0.0,3.0,4.0,1.0,1.0,0.0,0.0,0.0,2.0,4.0,1.0,0.0,1.0,0.0,0.0,0.0,4.0,0.0,2.0,0.0,0.0,1.0,0.0,0.0,0.0,2.0,3.0,0.0
SAA01.07.18.a,0.0,0.0,0.0,0.0,1.0,0.0,1.0,0.0,0.0,0.0,1.0,0.0,3.0,0.0,10.0,0.0,0.0,0.0,0.0,0.0,0.0,0.0,1.0,0.0,1.0,0.0,1.0,0.0,1.0,0.0,2.0,0.0,0.0,0.0,0.0,1.0,3.0,0.0,0.0,0.0,0.0,0.0,0.0,0.0,1.0,0.0,0.0,1.0,0.0,1.0,0.0,0.0,0.0,0.0,1.0,0.0
SAA01.08.01.a,0.0,0.0,0.0,0.0,0.0,0.0,2.0,0.0,2.0,0.0,0.0,3.0,4.0,0.0,7.0,0.0,0.0,0.0,1.0,1.0,2.0,2.0,2.0,0.0,1.0,5.0,2.0,1.0,2.0,2.0,6.0,0.0,2.0,7.0,1.0,1.0,1.0,7.0,2.0,0.0,0.0,0.0,0.0,0.0,1.0,0.0,0.0,0.0,0.0,1.0,0.0,0.0,1.0,0.0,0.0,0.0
SAA01.08.01.c,0.0,0.0,3.0,0.0,0.0,1.0,2.0,0.0,0.0,1.0,1.0,2.0,1.0,3.0,11.0,2.0,1.0,1.0,0.0,0.0,6.0,0.0,3.0,1.0,0.0,6.0,1.0,1.0,1.0,6.0,6.0,2.0,2.0,7.0,1.0,8.0,1.0,7.0,6.0,0.0,0.0,0.0,1.0,1.0,1.0,2.0,1.0,0.0,0.0,4.0,0.0,0.0,0.0,0.0,0.0,0.0
SAA01.08.02.a,2.0,0.0,5.0,0.0,1.0,0.0,10.0,1.0,2.0,0.0,2.0,5.0,8.0,6.0,21.0,0.0,0.0,1.0,1.0,5.0,9.0,0.0,3.0,7.0,1.0,5.0,11.0,0.0,4.0,3.0,14.0,3.0,2.0,4.0,3.0,4.0,7.0,10.0,3.0,0.0,8.0,0.0,0.0,1.0,2.0,5.0,3.0,1.0,0.0,3.0,6.0,1.0,0.0,0.0,6.0,0.0
SAA01.08.02.b,0.0,1.0,2.0,0.0,0.0,0.0,4.0,0.0,0.0,0.0,0.0,0.0,0.0,5.0,2.0,0.0,0.0,0.0,1.0,0.0,0.0,0.0,0.0,0.0,0.0,2.0,4.0,0.0,0.0,1.0,2.0,0.0,0.0,0.0,0.0,0.0,0.0,0.0,1.0,0.0,3.0,0.0,0.0,0.0,1.0,0.0,2.0,0.0,0.0,0.0,0.0,0.0,0.0,0.0,4.0,0.0
SAA01.08.03.a,2.0,0.0,1.0,0.0,0.0,0.0,3.0,4.0,3.0,1.0,0.0,10.0,0.0,7.0,8.0,0.0,1.0,0.0,3.0,1.0,3.0,1.0,0.0,5.0,0.0,3.0,5.0,0.0,4.0,0.0,4.0,5.0,1.0,7.0,0.0,1.0,4.0,4.0,0.0,0.0,2.0,0.0,0.0,6.0,0.0,2.0,1.0,0.0,0.0,0.0,1.0,0.0,0.0,1.0,3.0,0.0
SAA01.08.03.c,13.0,0.0,10.0,0.0,2.0,7.0,7.0,6.0,2.0,4.0,1.0,28.0,18.0,13.0,37.0,0.0,5.0,0.0,3.0,6.0,18.0,4.0,12.0,15.0,7.0,14.0,24.0,0.0,9.0,8.0,37.0,7.0,6.0,11.0,1.0,11.0,11.0,23.0,8.0,1.0,10.0,0.0,3.0,7.0,11.0,6.0,6.0,0.0,1.0,13.0,2.0,0.0,0.0,0.0,6.0,0.0
SAA01.09.01.c,1.0,0.0,2.0,0.0,1.0,0.0,3.0,0.0,3.0,0.0,0.0,3.0,12.0,0.0,19.0,0.0,1.0,0.0,1.0,6.0,6.0,0.0,11.0,0.0,2.0,3.0,5.0,0.0,4.0,7.0,16.0,2.0,5.0,10.0,0.0,4.0,5.0,8.0,6.0,0.0,3.0,0.0,1.0,1.0,4.0,0.0,0.0,1.0,0.0,4.0,1.0,0.0,1.0,0.0,1.0,0.0
SAA01.09.02.a,0.0,0.0,0.0,0.0,0.0,0.0,2.0,1.0,0.0,0.0,0.0,9.0,2.0,0.0,16.0,0.0,0.0,0.0,0.0,0.0,0.0,1.0,3.0,1.0,4.0,0.0,4.0,0.0,0.0,3.0,6.0,0.0,3.0,2.0,0.0,1.0,2.0,2.0,1.0,1.0,2.0,2.0,0.0,0.0,0.0,0.0,2.0,0.0,0.0,4.0,1.0,0.0,0.0,0.0,2.0,0.0
SAA01.09.03.b,0.0,0.0,0.0,0.0,0.0,0.0,0.0,0.0,0.0,0.0,0.0,0.0,1.0,1.0,2.0,0.0,0.0,0.0,0.0,0.0,0.0,0.0,0.0,0.0,0.0,0.0,1.0,0.0,0.0,0.0,0.0,0.0,0.0,0.0,0.0,0.0,1.0,0.0,0.0,0.0,1.0,0.0,0.0,0.0,0.0,0.0,0.0,0.0,0.0,0.0,0.0,0.0,0.0,0.0,1.0,0.0
SAA01.09.03.c or SAA01.09.04.c,2.0,0.0,0.0,0.0,0.0,0.0,1.0,0.0,0.0,0.0,1.0,2.0,0.0,1.0,3.0,0.0,0.0,0.0,0.0,0.0,1.0,0.0,3.0,0.0,0.0,0.0,0.0,0.0,0.0,0.0,0.0,0.0,0.0,2.0,0.0,0.0,0.0,2.0,0.0,0.0,0.0,0.0,0.0,0.0,0.0,0.0,0.0,0.0,0.0,0.0,0.0,0.0,0.0,0.0,1.0,0.0
SAA01.09.04.a,4.0,1.0,21.0,0.0,8.0,0.0,6.0,11.0,5.0,0.0,1.0,5.0,38.0,0.0,26.0,1.0,4.0,0.0,5.0,1.0,29.0,1.0,13.0,0.0,13.0,0.0,16.0,0.0,4.0,0.0,22.0,3.0,3.0,19.0,4.0,3.0,11.0,17.0,0.0,7.0,13.0,0.0,1.0,2.0,4.0,0.0,5.0,1.0,0.0,8.0,1.0,2.0,0.0,0.0,8.0,0.0
SAA01.09.04.b,0.0,0.0,1.0,0.0,0.0,0.0,1.0,0.0,0.0,0.0,0.0,0.0,3.0,0.0,0.0,0.0,0.0,0.0,0.0,0.0,0.0,0.0,0.0,0.0,1.0,0.0,4.0,0.0,0.0,0.0,1.0,0.0,0.0,0.0,0.0,0.0,0.0,0.0,0.0,0.0,4.0,0.0,0.0,0.0,0.0,0.0,1.0,0.0,0.0,0.0,0.0,0.0,0.0,0.0,1.0,0.0
SAA01.09.04.c,3.0,0.0,11.0,1.0,1.0,1.0,7.0,2.0,5.0,1.0,0.0,4.0,26.0,1.0,29.0,2.0,1.0,0.0,0.0,3.0,18.0,2.0,13.0,0.0,13.0,1.0,19.0,5.0,7.0,7.0,22.0,5.0,2.0,16.0,4.0,2.0,16.0,9.0,4.0,5.0,18.0,0.0,4.0,2.0,6.0,1.0,5.0,2.0,0.0,7.0,9.0,1.0,2.0,1.0,5.0,0.0
SAA01.10.01.a,2.0,0.0,0.0,0.0,1.0,0.0,4.0,0.0,0.0,1.0,13.0,0.0,14.0,0.0,42.0,0.0,0.0,14.0,1.0,5.0,10.0,0.0,4.0,1.0,2.0,2.0,1.0,16.0,3.0,22.0,14.0,0.0,7.0,14.0,0.0,4.0,8.0,11.0,7.0,0.0,0.0,0.0,0.0,0.0,0.0,0.0,4.0,0.0,0.0,10.0,2.0,1.0,1.0,2.0,4.0,0.0
SAA01.10.02.c,3.0,0.0,0.0,0.0,4.0,0.0,0.0,1.0,0.0,0.0,0.0,0.0,5.0,5.0,12.0,0.0,1.0,0.0,0.0,0.0,1.0,1.0,0.0,1.0,0.0,2.0,9.0,3.0,0.0,11.0,7.0,0.0,0.0,1.0,3.0,0.0,1.0,2.0,0.0,0.0,0.0,8.0,0.0,0.0,0.0,2.0,3.0,1.0,0.0,0.0,1.0,0.0,2.0,0.0,1.0,4.0
SAA01.10.03.c,0.0,0.0,1.0,0.0,0.0,1.0,4.0,1.0,0.0,0.0,0.0,0.0,3.0,1.0,21.0,0.0,1.0,0.0,0.0,1.0,0.0,0.0,2.0,2.0,1.0,0.0,2.0,0.0,0.0,6.0,2.0,1.0,0.0,2.0,1.0,0.0,4.0,0.0,0.0,0.0,0.0,2.0,0.0,0.0,0.0,0.0,1.0,0.0,0.0,0.0,4.0,0.0,0.0,0.0,1.0,0.0
SAA01.10.04.c,0.0,0.0,0.0,0.0,2.0,0.0,0.0,0.0,0.0,0.0,0.0,0.0,3.0,2.0,3.0,1.0,0.0,0.0,0.0,0.0,0.0,2.0,0.0,0.0,0.0,0.0,1.0,0.0,0.0,1.0,1.0,0.0,0.0,1.0,0.0,0.0,0.0,1.0,0.0,0.0,0.0,1.0,0.0,1.0,1.0,0.0,0.0,0.0,0.0,0.0,0.0,0.0,0.0,1.0,0.0,0.0
SAA01.10.05.a,0.0,0.0,1.0,0.0,0.0,0.0,0.0,1.0,1.0,0.0,0.0,2.0,1.0,0.0,3.0,0.0,0.0,0.0,0.0,0.0,0.0,0.0,0.0,0.0,1.0,0.0,0.0,0.0,1.0,0.0,2.0,1.0,0.0,1.0,0.0,2.0,0.0,0.0,0.0,1.0,0.0,0.0,0.0,0.0,0.0,0.0,1.0,0.0,0.0,0.0,0.0,1.0,0.0,0.0,1.0,0.0
SAA01.10.05.c,0.0,0.0,0.0,0.0,0.0,0.0,0.0,0.0,0.0,0.0,2.0,0.0,0.0,0.0,0.0,0.0,0.0,0.0,0.0,0.0,0.0,0.0,0.0,0.0,0.0,0.0,1.0,0.0,0.0,0.0,0.0,0.0,0.0,0.0,0.0,0.0,0.0,0.0,0.0,0.0,1.0,0.0,0.0,0.0,1.0,0.0,0.0,0.0,0.0,0.0,0.0,0.0,0.0,0.0,1.0,0.0
SAA01.10.06.a,0.0,0.0,0.0,0.0,0.0,0.0,1.0,1.0,0.0,0.0,0.0,1.0,4.0,1.0,5.0,0.0,0.0,0.0,0.0,0.0,0.0,0.0,1.0,0.0,1.0,0.0,4.0,0.0,0.0,1.0,2.0,0.0,0.0,0.0,0.0,0.0,0.0,0.0,1.0,1.0,4.0,0.0,0.0,0.0,0.0,0.0,2.0,0.0,0.0,0.0,1.0,1.0,0.0,0.0,2.0,0.0
SAA01.10.06.b,2.0,0.0,0.0,0.0,0.0,0.0,2.0,0.0,0.0,0.0,2.0,0.0,4.0,0.0,2.0,0.0,0.0,0.0,2.0,0.0,0.0,1.0,1.0,1.0,0.0,0.0,2.0,0.0,2.0,0.0,3.0,0.0,0.0,0.0,0.0,0.0,1.0,1.0,0.0,0.0,2.0,0.0,0.0,0.0,0.0,0.0,0.0,1.0,0.0,2.0,1.0,0.0,0.0,0.0,1.0,0.0
SAA01.10.07.a,0.0,0.0,3.0,0.0,0.0,0.0,2.0,0.0,0.0,0.0,0.0,4.0,0.0,0.0,4.0,0.0,1.0,0.0,0.0,0.0,0.0,0.0,1.0,3.0,1.0,0.0,4.0,0.0,0.0,0.0,4.0,0.0,0.0,2.0,0.0,1.0,1.0,0.0,0.0,0.0,3.0,0.0,1.0,0.0,0.0,0.0,1.0,1.0,0.0,0.0,0.0,0.0,0.0,0.0,1.0,0.0
SAA01.11.01.a,1.0,1.0,2.0,0.0,0.0,0.0,0.0,0.0,0.0,0.0,0.0,0.0,5.0,0.0,4.0,0.0,0.0,0.0,0.0,0.0,0.0,1.0,0.0,0.0,1.0,0.0,0.0,0.0,0.0,0.0,1.0,1.0,0.0,5.0,0.0,0.0,0.0,1.0,0.0,1.0,0.0,0.0,0.0,0.0,3.0,0.0,2.0,0.0,0.0,0.0,3.0,0.0,0.0,0.0,1.0,0.0
SAA01.11.02.a,1.0,0.0,0.0,0.0,0.0,3.0,1.0,3.0,0.0,0.0,0.0,0.0,1.0,0.0,11.0,0.0,0.0,0.0,0.0,0.0,0.0,2.0,3.0,0.0,0.0,0.0,4.0,0.0,0.0,0.0,0.0,1.0,1.0,2.0,0.0,0.0,3.0,3.0,0.0,1.0,3.0,0.0,2.0,1.0,0.0,0.0,1.0,0.0,0.0,1.0,0.0,1.0,0.0,0.0,1.0,0.0
SAA01.11.03.a,0.0,0.0,2.0,0.0,0.0,0.0,0.0,1.0,0.0,0.0,0.0,0.0,2.0,0.0,2.0,0.0,0.0,0.0,1.0,0.0,0.0,0.0,1.0,0.0,0.0,0.0,0.0,0.0,0.0,1.0,2.0,0.0,0.0,0.0,0.0,0.0,0.0,0.0,1.0,0.0,0.0,0.0,0.0,0.0,0.0,0.0,0.0,0.0,0.0,0.0,1.0,0.0,0.0,0.0,1.0,0.0
SAA01.11.03.b,0.0,0.0,3.0,0.0,0.0,1.0,4.0,0.0,2.0,1.0,0.0,4.0,6.0,1.0,4.0,0.0,1.0,0.0,0.0,2.0,2.0,1.0,1.0,3.0,0.0,0.0,0.0,0.0,2.0,3.0,3.0,0.0,2.0,4.0,0.0,1.0,2.0,3.0,2.0,1.0,0.0,0.0,2.0,0.0,4.0,0.0,3.0,0.0,0.0,1.0,1.0,0.0,1.0,0.0,2.0,0.0
SAA01.11.03.c,0.0,0.0,1.0,0.0,0.0,0.0,0.0,2.0,0.0,0.0,0.0,0.0,1.0,0.0,2.0,0.0,0.0,0.0,0.0,0.0,1.0,0.0,1.0,0.0,1.0,0.0,0.0,0.0,0.0,0.0,2.0,0.0,0.0,0.0,0.0,0.0,2.0,3.0,0.0,1.0,0.0,0.0,0.0,1.0,1.0,0.0,0.0,0.0,0.0,0.0,0.0,0.0,0.0,0.0,0.0,0.0
SAA01.12.01.a,4.0,0.0,3.0,0.0,1.0,0.0,5.0,2.0,0.0,1.0,2.0,0.0,2.0,0.0,11.0,1.0,9.0,0.0,0.0,2.0,7.0,1.0,3.0,3.0,1.0,0.0,0.0,0.0,1.0,0.0,15.0,0.0,0.0,4.0,3.0,1.0,3.0,9.0,0.0,3.0,0.0,0.0,0.0,0.0,2.0,0.0,4.0,0.0,0.0,4.0,3.0,0.0,0.0,0.0,4.0,0.0
SAA01.12.01.c,4.0,0.0,1.0,0.0,0.0,6.0,2.0,0.0,0.0,1.0,0.0,0.0,2.0,0.0,13.0,2.0,0.0,0.0,1.0,0.0,4.0,0.0,0.0,1.0,0.0,0.0,3.0,0.0,5.0,3.0,1.0,5.0,3.0,3.0,2.0,1.0,2.0,4.0,1.0,1.0,0.0,2.0,0.0,1.0,2.0,0.0,2.0,0.0,0.0,2.0,1.0,0.0,2.0,0.0,2.0,0.0
SAA01.13.01.c,0.0,3.0,0.0,0.0,3.0,0.0,5.0,1.0,2.0,0.0,2.0,0.0,5.0,10.0,19.0,0.0,0.0,2.0,0.0,2.0,15.0,0.0,5.0,0.0,7.0,0.0,8.0,0.0,2.0,0.0,21.0,0.0,9.0,0.0,0.0,2.0,0.0,17.0,0.0,8.0,5.0,0.0,4.0,2.0,0.0,2.0,2.0,0.0,0.0,10.0,4.0,0.0,0.0,1.0,1.0,0.0
SAA01.13.02.a,3.0,0.0,4.0,0.0,0.0,0.0,2.0,0.0,4.0,0.0,3.0,0.0,11.0,1.0,13.0,0.0,1.0,0.0,5.0,0.0,8.0,0.0,0.0,5.0,1.0,0.0,5.0,4.0,3.0,4.0,5.0,0.0,18.0,3.0,1.0,3.0,2.0,9.0,4.0,0.0,4.0,0.0,1.0,1.0,3.0,3.0,2.0,0.0,1.0,7.0,4.0,0.0,2.0,0.0,1.0,1.0
SAA01.13.02.b,0.0,0.0,0.0,0.0,0.0,0.0,1.0,0.0,0.0,0.0,0.0,0.0,3.0,0.0,0.0,0.0,0.0,0.0,0.0,0.0,0.0,0.0,0.0,0.0,0.0,0.0,2.0,0.0,0.0,1.0,1.0,0.0,0.0,0.0,0.0,0.0,1.0,0.0,1.0,0.0,2.0,0.0,0.0,0.0,0.0,0.0,0.0,1.0,0.0,0.0,0.0,0.0,0.0,0.0,1.0,0.0
SAA01.13.02.c,8.0,3.0,24.0,0.0,11.0,5.0,15.0,2.0,15.0,1.0,25.0,4.0,40.0,2.0,75.0,4.0,8.0,1.0,8.0,7.0,28.0,2.0,42.0,1.0,10.0,5.0,24.0,1.0,18.0,21.0,27.0,8.0,33.0,46.0,8.0,7.0,16.0,35.0,20.0,0.0,16.0,1.0,3.0,5.0,18.0,1.0,8.0,0.0,0.0,29.0,13.0,1.0,7.0,0.0,2.0,1.0
SAA01.14.01.c,3.0,1.0,2.0,0.0,6.0,0.0,9.0,2.0,2.0,2.0,11.0,3.0,17.0,2.0,43.0,6.0,0.0,0.0,0.0,3.0,23.0,6.0,11.0,6.0,6.0,3.0,10.0,3.0,3.0,8.0,19.0,11.0,8.0,13.0,4.0,7.0,16.0,35.0,8.0,1.0,6.0,0.0,2.0,3.0,3.0,3.0,3.0,1.0,0.0,10.0,8.0,0.0,4.0,1.0,3.0,0.0
SAA01.14.02.a,1.0,1.0,1.0,0.0,2.0,0.0,0.0,1.0,2.0,0.0,0.0,5.0,1.0,0.0,15.0,0.0,0.0,0.0,0.0,0.0,3.0,0.0,4.0,2.0,1.0,0.0,2.0,0.0,2.0,4.0,7.0,4.0,0.0,3.0,1.0,0.0,3.0,3.0,3.0,3.0,1.0,1.0,0.0,1.0,0.0,0.0,1.0,0.0,0.0,2.0,3.0,0.0,0.0,0.0,0.0,1.0
SAA01.14.03.a,0.0,0.0,1.0,0.0,0.0,0.0,1.0,2.0,0.0,0.0,0.0,1.0,2.0,0.0,1.0,0.0,0.0,0.0,0.0,0.0,0.0,1.0,2.0,0.0,0.0,0.0,4.0,0.0,0.0,0.0,1.0,0.0,0.0,0.0,0.0,0.0,1.0,1.0,0.0,1.0,4.0,0.0,0.0,0.0,0.0,0.0,1.0,1.0,0.0,0.0,1.0,0.0,0.0,0.0,2.0,0.0
SAA01.14.04.c,0.0,0.0,0.0,0.0,1.0,0.0,2.0,1.0,0.0,0.0,2.0,0.0,2.0,0.0,3.0,0.0,0.0,0.0,2.0,2.0,0.0,0.0,0.0,0.0,0.0,2.0,2.0,0.0,0.0,1.0,2.0,0.0,0.0,1.0,0.0,0.0,0.0,1.0,1.0,0.0,0.0,0.0,0.0,0.0,1.0,0.0,0.0,0.0,0.0,0.0,0.0,0.0,0.0,0.0,1.0,0.0
SAA05.01.01.a,0.0,1.0,4.0,3.0,2.0,0.0,16.0,0.0,2.0,0.0,3.0,16.0,4.0,15.0,17.0,0.0,1.0,0.0,0.0,1.0,5.0,2.0,7.0,5.0,8.0,0.0,9.0,6.0,5.0,3.0,13.0,8.0,2.0,10.0,1.0,3.0,9.0,9.0,3.0,0.0,8.0,0.0,3.0,1.0,4.0,0.0,4.0,4.0,0.0,9.0,6.0,0.0,0.0,0.0,12.0,0.0
SAA05.01.01.b,3.0,0.0,1.0,1.0,0.0,0.0,6.0,0.0,4.0,1.0,2.0,5.0,3.0,5.0,13.0,2.0,0.0,0.0,0.0,0.0,2.0,1.0,6.0,2.0,4.0,1.0,8.0,3.0,3.0,4.0,17.0,1.0,2.0,6.0,4.0,2.0,10.0,4.0,4.0,0.0,6.0,0.0,0.0,3.0,1.0,0.0,5.0,1.0,1.0,4.0,3.0,1.0,1.0,0.0,7.0,0.0
SAA05.01.01.c,0.0,0.0,9.0,2.0,1.0,5.0,12.0,0.0,6.0,4.0,6.0,11.0,16.0,13.0,43.0,0.0,1.0,0.0,2.0,3.0,18.0,1.0,13.0,8.0,8.0,1.0,16.0,5.0,9.0,5.0,18.0,8.0,3.0,13.0,2.0,3.0,18.0,22.0,5.0,0.0,13.0,0.0,4.0,5.0,4.0,2.0,5.0,2.0,0.0,19.0,4.0,0.0,2.0,0.0,11.0,0.0
SAA05.02.01.a,8.0,0.0,1.0,7.0,1.0,1.0,12.0,1.0,3.0,0.0,2.0,7.0,35.0,0.0,30.0,0.0,1.0,1.0,0.0,0.0,5.0,0.0,21.0,0.0,0.0,13.0,18.0,4.0,4.0,4.0,18.0,4.0,12.0,4.0,5.0,3.0,11.0,5.0,4.0,0.0,16.0,0.0,1.0,0.0,0.0,0.0,7.0,1.0,0.0,2.0,1.0,0.0,0.0,1.0,12.0,0.0
SAA05.02.01.c,2.0,0.0,0.0,1.0,0.0,0.0,5.0,0.0,0.0,0.0,0.0,0.0,12.0,0.0,6.0,1.0,0.0,0.0,2.0,0.0,2.0,0.0,3.0,0.0,2.0,2.0,9.0,2.0,0.0,1.0,7.0,0.0,0.0,1.0,0.0,2.0,4.0,2.0,1.0,0.0,9.0,0.0,0.0,0.0,0.0,2.0,2.0,1.0,0.0,0.0,2.0,0.0,1.0,0.0,5.0,1.0
SAA05.02.01c or SAA05.02.02.c,0.0,1.0,1.0,1.0,0.0,0.0,1.0,0.0,0.0,0.0,0.0,4.0,3.0,1.0,2.0,2.0,0.0,0.0,0.0,0.0,1.0,0.0,3.0,3.0,2.0,0.0,2.0,0.0,1.0,1.0,2.0,0.0,1.0,2.0,0.0,3.0,2.0,2.0,0.0,0.0,1.0,1.0,0.0,0.0,0.0,0.0,1.0,0.0,0.0,1.0,1.0,0.0,0.0,0.0,1.0,0.0
SAA05.02.02.a,1.0,0.0,21.0,1.0,5.0,4.0,15.0,3.0,9.0,0.0,15.0,24.0,35.0,4.0,40.0,3.0,5.0,0.0,8.0,13.0,25.0,0.0,28.0,7.0,11.0,19.0,27.0,6.0,13.0,8.0,46.0,11.0,16.0,29.0,4.0,9.0,24.0,31.0,8.0,0.0,13.0,0.0,0.0,2.0,6.0,2.0,4.0,0.0,1.0,25.0,7.0,0.0,3.0,0.0,8.0,1.0
SAA05.02.02.b,0.0,0.0,4.0,0.0,0.0,0.0,2.0,0.0,0.0,0.0,3.0,0.0,1.0,1.0,4.0,0.0,0.0,0.0,0.0,0.0,1.0,0.0,0.0,0.0,3.0,0.0,2.0,1.0,0.0,2.0,4.0,0.0,2.0,3.0,0.0,1.0,1.0,1.0,0.0,0.0,0.0,2.0,0.0,0.0,0.0,0.0,2.0,0.0,0.0,0.0,0.0,0.0,0.0,0.0,1.0,0.0
SAA05.02.02.c,3.0,1.0,4.0,0.0,2.0,4.0,6.0,0.0,4.0,0.0,4.0,16.0,20.0,12.0,25.0,6.0,2.0,0.0,6.0,5.0,12.0,1.0,25.0,14.0,7.0,2.0,13.0,6.0,5.0,7.0,25.0,4.0,19.0,11.0,6.0,3.0,12.0,17.0,7.0,0.0,7.0,0.0,5.0,4.0,7.0,3.0,7.0,0.0,1.0,11.0,4.0,0.0,6.0,0.0,4.0,0.0
SAA05.02.03.a,0.0,0.0,2.0,0.0,0.0,1.0,3.0,0.0,0.0,0.0,1.0,0.0,5.0,1.0,4.0,1.0,0.0,0.0,0.0,0.0,2.0,0.0,0.0,0.0,2.0,0.0,6.0,0.0,0.0,0.0,3.0,1.0,0.0,2.0,0.0,1.0,4.0,2.0,0.0,0.0,6.0,0.0,0.0,0.0,2.0,1.0,1.0,0.0,0.0,5.0,0.0,0.0,2.0,0.0,2.0,0.0
SAA05.03.01.a,0.0,0.0,1.0,0.0,0.0,0.0,1.0,0.0,0.0,0.0,0.0,1.0,1.0,1.0,4.0,0.0,0.0,0.0,0.0,0.0,1.0,0.0,1.0,0.0,0.0,0.0,0.0,2.0,0.0,0.0,4.0,0.0,0.0,2.0,0.0,0.0,3.0,2.0,0.0,1.0,0.0,0.0,0.0,0.0,0.0,0.0,0.0,1.0,0.0,3.0,2.0,0.0,0.0,0.0,1.0,0.0
SAA05.03.01.b,0.0,0.0,1.0,0.0,0.0,0.0,1.0,0.0,0.0,0.0,0.0,3.0,0.0,0.0,2.0,1.0,0.0,0.0,1.0,0.0,0.0,0.0,1.0,0.0,0.0,0.0,0.0,1.0,0.0,0.0,1.0,1.0,2.0,1.0,0.0,1.0,2.0,0.0,0.0,0.0,0.0,0.0,0.0,0.0,0.0,0.0,0.0,1.0,0.0,0.0,2.0,1.0,0.0,0.0,1.0,0.0
SAA05.03.02.c,0.0,1.0,1.0,0.0,1.0,0.0,1.0,1.0,2.0,1.0,0.0,4.0,0.0,0.0,7.0,5.0,0.0,0.0,1.0,0.0,4.0,4.0,0.0,4.0,1.0,0.0,3.0,6.0,2.0,1.0,5.0,0.0,2.0,5.0,1.0,3.0,2.0,8.0,1.0,3.0,0.0,0.0,1.0,0.0,6.0,0.0,1.0,0.0,1.0,2.0,1.0,0.0,2.0,0.0,0.0,0.0
SAA05.03.03.a,0.0,0.0,1.0,1.0,1.0,0.0,4.0,0.0,3.0,0.0,0.0,1.0,8.0,1.0,2.0,0.0,1.0,0.0,1.0,0.0,2.0,0.0,2.0,0.0,0.0,3.0,0.0,6.0,3.0,0.0,5.0,0.0,0.0,0.0,0.0,0.0,1.0,1.0,0.0,0.0,0.0,0.0,0.0,0.0,0.0,0.0,0.0,1.0,0.0,0.0,0.0,0.0,0.0,0.0,4.0,0.0
SAA05.03.04.a,0.0,0.0,1.0,0.0,0.0,1.0,0.0,0.0,0.0,0.0,0.0,0.0,0.0,2.0,1.0,0.0,0.0,0.0,1.0,0.0,0.0,0.0,0.0,0.0,0.0,0.0,2.0,0.0,0.0,0.0,0.0,0.0,0.0,0.0,0.0,0.0,1.0,0.0,0.0,0.0,2.0,0.0,0.0,0.0,0.0,0.0,0.0,1.0,0.0,0.0,0.0,0.0,0.0,0.0,0.0,1.0
SAA05.03.04.b,0.0,1.0,0.0,0.0,2.0,0.0,1.0,0.0,0.0,0.0,5.0,0.0,4.0,1.0,2.0,2.0,0.0,0.0,1.0,0.0,1.0,0.0,2.0,1.0,0.0,0.0,6.0,0.0,0.0,0.0,1.0,1.0,0.0,2.0,0.0,4.0,2.0,1.0,0.0,0.0,3.0,0.0,0.0,0.0,0.0,1.0,0.0,1.0,0.0,1.0,1.0,0.0,0.0,0.0,0.0,1.0
SAA05.03.04.c,0.0,0.0,0.0,0.0,0.0,0.0,0.0,0.0,0.0,0.0,0.0,0.0,1.0,0.0,0.0,1.0,0.0,0.0,1.0,0.0,0.0,0.0,1.0,0.0,0.0,0.0,3.0,0.0,0.0,0.0,3.0,0.0,0.0,0.0,0.0,1.0,0.0,1.0,0.0,0.0,3.0,0.0,0.0,0.0,0.0,0.0,1.0,0.0,0.0,0.0,1.0,0.0,0.0,0.0,0.0,1.0
SAA05.03.05.c,0.0,0.0,0.0,0.0,0.0,0.0,0.0,0.0,0.0,0.0,2.0,0.0,0.0,0.0,0.0,0.0,0.0,0.0,1.0,0.0,0.0,0.0,0.0,0.0,0.0,0.0,0.0,0.0,0.0,0.0,1.0,0.0,0.0,0.0,0.0,0.0,0.0,1.0,0.0,0.0,0.0,0.0,0.0,0.0,0.0,0.0,0.0,0.0,0.0,1.0,1.0,0.0,0.0,0.0,0.0,0.0
SAA05.04.01.a,0.0,1.0,18.0,0.0,11.0,0.0,7.0,0.0,2.0,0.0,1.0,1.0,31.0,0.0,79.0,0.0,4.0,2.0,0.0,7.0,6.0,9.0,23.0,5.0,10.0,0.0,26.0,0.0,9.0,15.0,30.0,3.0,7.0,35.0,5.0,7.0,38.0,18.0,5.0,1.0,1.0,9.0,2.0,6.0,11.0,1.0,2.0,2.0,0.0,15.0,3.0,0.0,1.0,4.0,1.0,4.0
SAA05.04.01.c,5.0,0.0,1.0,0.0,4.0,1.0,2.0,0.0,4.0,0.0,1.0,0.0,12.0,0.0,26.0,3.0,1.0,0.0,3.0,4.0,8.0,1.0,6.0,0.0,4.0,1.0,9.0,0.0,7.0,10.0,9.0,6.0,4.0,16.0,1.0,5.0,15.0,9.0,8.0,0.0,2.0,2.0,1.0,1.0,7.0,1.0,1.0,1.0,0.0,9.0,4.0,0.0,0.0,1.0,1.0,1.0
SAA05.04.02.a,2.0,1.0,5.0,2.0,1.0,2.0,7.0,0.0,0.0,1.0,2.0,4.0,20.0,0.0,41.0,0.0,1.0,0.0,0.0,2.0,3.0,0.0,9.0,0.0,4.0,2.0,24.0,0.0,4.0,16.0,15.0,6.0,4.0,15.0,1.0,4.0,11.0,9.0,11.0,0.0,13.0,4.0,0.0,1.0,5.0,0.0,3.0,6.0,1.0,8.0,7.0,0.0,2.0,1.0,6.0,2.0
SAA05.04.02.b,0.0,0.0,0.0,0.0,0.0,0.0,2.0,0.0,0.0,0.0,0.0,1.0,3.0,0.0,4.0,0.0,0.0,0.0,0.0,0.0,0.0,0.0,4.0,0.0,2.0,0.0,5.0,0.0,0.0,2.0,4.0,1.0,0.0,4.0,0.0,1.0,2.0,2.0,2.0,0.0,4.0,0.0,0.0,0.0,0.0,0.0,0.0,2.0,0.0,2.0,2.0,0.0,0.0,0.0,2.0,0.0
SAA05.04.02.c,2.0,0.0,2.0,0.0,0.0,1.0,3.0,0.0,0.0,0.0,1.0,1.0,3.0,0.0,5.0,2.0,0.0,0.0,1.0,2.0,1.0,0.0,1.0,0.0,1.0,0.0,7.0,0.0,1.0,5.0,2.0,1.0,1.0,1.0,1.0,1.0,2.0,3.0,2.0,0.0,1.0,3.0,1.0,1.0,0.0,0.0,2.0,1.0,0.0,2.0,3.0,0.0,0.0,0.0,1.0,1.0
SAA05.05.01.a,0.0,0.0,2.0,0.0,2.0,0.0,7.0,0.0,1.0,0.0,5.0,0.0,4.0,0.0,10.0,0.0,2.0,0.0,4.0,0.0,11.0,0.0,2.0,0.0,4.0,0.0,9.0,0.0,1.0,6.0,7.0,4.0,0.0,4.0,0.0,0.0,3.0,12.0,4.0,0.0,2.0,2.0,0.0,0.0,3.0,2.0,2.0,1.0,0.0,4.0,1.0,0.0,0.0,0.0,2.0,0.0
SAA05.05.01.b,0.0,0.0,0.0,0.0,0.0,0.0,2.0,0.0,0.0,0.0,0.0,0.0,1.0,0.0,1.0,0.0,0.0,0.0,0.0,0.0,0.0,0.0,0.0,0.0,0.0,0.0,2.0,0.0,0.0,1.0,0.0,0.0,0.0,0.0,0.0,0.0,0.0,0.0,0.0,0.0,1.0,1.0,0.0,0.0,0.0,0.0,1.0,0.0,0.0,0.0,0.0,0.0,0.0,0.0,1.0,0.0
SAA05.05.01.c,0.0,0.0,0.0,0.0,0.0,0.0,1.0,0.0,0.0,0.0,0.0,0.0,0.0,0.0,1.0,0.0,0.0,0.0,0.0,1.0,0.0,0.0,0.0,0.0,0.0,0.0,0.0,0.0,0.0,0.0,0.0,0.0,0.0,0.0,0.0,0.0,0.0,0.0,0.0,0.0,0.0,0.0,0.0,0.0,0.0,0.0,0.0,0.0,0.0,1.0,0.0,0.0,0.0,0.0,0.0,0.0
SAA05.05.02.a,1.0,2.0,4.0,3.0,2.0,4.0,6.0,0.0,2.0,1.0,2.0,10.0,9.0,3.0,13.0,0.0,0.0,1.0,1.0,3.0,7.0,8.0,7.0,4.0,4.0,1.0,10.0,3.0,4.0,1.0,19.0,0.0,5.0,11.0,0.0,2.0,5.0,15.0,0.0,0.0,6.0,0.0,3.0,1.0,2.0,0.0,1.0,3.0,0.0,1.0,4.0,0.0,1.0,0.0,4.0,0.0
SAA05.05.03.a,0.0,0.0,0.0,0.0,0.0,0.0,2.0,1.0,1.0,0.0,0.0,5.0,3.0,0.0,4.0,0.0,0.0,0.0,0.0,0.0,3.0,0.0,0.0,1.0,2.0,0.0,2.0,0.0,1.0,0.0,2.0,1.0,0.0,0.0,1.0,0.0,6.0,3.0,0.0,0.0,0.0,0.0,0.0,0.0,0.0,1.0,0.0,1.0,0.0,1.0,0.0,4.0,0.0,0.0,2.0,0.0
SAA05.05.04.a,1.0,0.0,2.0,0.0,0.0,0.0,2.0,0.0,0.0,0.0,4.0,0.0,3.0,0.0,3.0,1.0,0.0,0.0,0.0,0.0,2.0,0.0,2.0,1.0,0.0,1.0,3.0,0.0,0.0,1.0,3.0,1.0,1.0,1.0,0.0,0.0,2.0,2.0,1.0,0.0,3.0,0.0,0.0,0.0,0.0,1.0,1.0,0.0,0.0,3.0,1.0,0.0,0.0,0.0,1.0,0.0
SAA05.05.05.a,,,,,,,,,,,,,,,,,,,,,,,,,,,,,,,,,,,,,,,,,,,,,,,,,,,,,,,,
SAA05.06.01.a,3.0,2.0,10.0,8.0,7.0,1.0,19.0,0.0,4.0,0.0,16.0,14.0,46.0,3.0,52.0,13.0,4.0,0.0,1.0,8.0,23.0,4.0,20.0,1.0,10.0,0.0,7.0,15.0,4.0,27.0,40.0,4.0,23.0,17.0,4.0,4.0,24.0,31.0,7.0,0.0,1.0,6.0,14.0,3.0,6.0,1.0,10.0,1.0,0.0,4.0,10.0,0.0,0.0,1.0,11.0,1.0
SAA05.06.01.b,0.0,0.0,0.0,0.0,2.0,0.0,5.0,0.0,3.0,0.0,1.0,4.0,7.0,0.0,14.0,2.0,1.0,0.0,0.0,0.0,9.0,1.0,2.0,1.0,2.0,0.0,1.0,3.0,2.0,8.0,6.0,0.0,0.0,1.0,2.0,0.0,3.0,12.0,6.0,0.0,0.0,0.0,0.0,0.0,2.0,0.0,1.0,0.0,0.0,1.0,1.0,0.0,1.0,0.0,1.0,0.0
SAA05.06.01.c,6.0,1.0,17.0,0.0,7.0,3.0,9.0,2.0,2.0,2.0,6.0,21.0,11.0,3.0,46.0,7.0,2.0,0.0,1.0,4.0,22.0,3.0,10.0,11.0,16.0,0.0,12.0,0.0,8.0,8.0,32.0,2.0,11.0,16.0,9.0,3.0,14.0,29.0,7.0,0.0,7.0,1.0,8.0,3.0,10.0,1.0,4.0,0.0,0.0,21.0,3.0,2.0,1.0,3.0,3.0,0.0
SAA05.06.02.a,1.0,1.0,7.0,0.0,0.0,0.0,1.0,1.0,0.0,2.0,5.0,1.0,8.0,0.0,14.0,0.0,0.0,1.0,0.0,7.0,2.0,0.0,1.0,0.0,2.0,0.0,3.0,0.0,3.0,2.0,4.0,1.0,0.0,1.0,0.0,2.0,0.0,5.0,0.0,0.0,0.0,2.0,0.0,0.0,2.0,3.0,1.0,0.0,4.0,5.0,0.0,0.0,0.0,5.0,1.0,0.0
SAA05.06.03.c,4.0,5.0,9.0,20.0,3.0,9.0,8.0,3.0,9.0,7.0,32.0,0.0,26.0,4.0,62.0,4.0,2.0,0.0,2.0,1.0,25.0,4.0,6.0,11.0,12.0,1.0,17.0,1.0,12.0,13.0,37.0,6.0,9.0,36.0,7.0,11.0,20.0,34.0,9.0,0.0,5.0,1.0,6.0,1.0,13.0,1.0,7.0,1.0,1.0,30.0,8.0,0.0,3.0,0.0,3.0,0.0
SAA05.06.04.a,0.0,0.0,0.0,0.0,0.0,0.0,1.0,0.0,0.0,0.0,0.0,2.0,0.0,2.0,4.0,0.0,0.0,0.0,1.0,0.0,0.0,0.0,0.0,0.0,0.0,0.0,0.0,0.0,1.0,1.0,1.0,0.0,0.0,0.0,0.0,0.0,0.0,0.0,1.0,0.0,0.0,0.0,0.0,0.0,0.0,0.0,1.0,0.0,0.0,0.0,1.0,0.0,0.0,0.0,1.0,0.0
SAA05.07.01.a,2.0,1.0,9.0,0.0,2.0,1.0,4.0,0.0,4.0,2.0,2.0,2.0,12.0,12.0,43.0,3.0,0.0,0.0,2.0,0.0,5.0,3.0,12.0,0.0,2.0,6.0,16.0,0.0,2.0,1.0,22.0,0.0,6.0,6.0,0.0,6.0,18.0,6.0,1.0,6.0,6.0,0.0,1.0,1.0,9.0,1.0,1.0,0.0,1.0,7.0,7.0,0.0,0.0,0.0,0.0,0.0
SAA05.07.01.c,3.0,3.0,7.0,1.0,2.0,2.0,9.0,0.0,5.0,0.0,4.0,2.0,8.0,11.0,29.0,2.0,1.0,0.0,1.0,0.0,12.0,7.0,14.0,3.0,2.0,2.0,20.0,0.0,5.0,5.0,17.0,0.0,1.0,11.0,4.0,3.0,14.0,21.0,4.0,6.0,10.0,1.0,3.0,0.0,8.0,3.0,2.0,3.0,1.0,13.0,5.0,0.0,0.0,1.0,0.0,1.0
SAA05.07.02.a,0.0,0.0,3.0,0.0,2.0,0.0,4.0,0.0,0.0,1.0,6.0,0.0,9.0,6.0,10.0,0.0,0.0,1.0,0.0,3.0,4.0,0.0,4.0,3.0,2.0,0.0,11.0,0.0,2.0,5.0,10.0,0.0,2.0,4.0,2.0,1.0,6.0,3.0,2.0,0.0,7.0,3.0,0.0,0.0,3.0,0.0,1.0,2.0,0.0,3.0,1.0,0.0,1.0,0.0,3.0,0.0
SAA05.07.03.a,0.0,0.0,0.0,0.0,0.0,0.0,0.0,2.0,0.0,0.0,2.0,0.0,0.0,5.0,5.0,0.0,0.0,0.0,1.0,0.0,0.0,0.0,0.0,0.0,1.0,0.0,3.0,0.0,0.0,4.0,3.0,0.0,0.0,0.0,0.0,0.0,0.0,0.0,1.0,0.0,0.0,3.0,0.0,0.0,0.0,0.0,1.0,0.0,0.0,2.0,0.0,0.0,0.0,0.0,3.0,0.0
SAA05.07.04.c,1.0,3.0,2.0,0.0,1.0,0.0,3.0,0.0,0.0,1.0,9.0,0.0,2.0,7.0,9.0,2.0,0.0,1.0,0.0,2.0,4.0,5.0,3.0,3.0,1.0,2.0,7.0,0.0,2.0,4.0,12.0,1.0,1.0,5.0,0.0,1.0,1.0,10.0,1.0,0.0,0.0,3.0,0.0,0.0,1.0,0.0,0.0,0.0,6.0,4.0,4.0,0.0,0.0,0.0,0.0,0.0
SAA05.07.05.a,0.0,1.0,0.0,0.0,0.0,1.0,2.0,0.0,0.0,0.0,0.0,0.0,3.0,0.0,5.0,0.0,0.0,0.0,0.0,0.0,0.0,0.0,0.0,0.0,0.0,0.0,3.0,0.0,0.0,4.0,2.0,0.0,0.0,0.0,0.0,0.0,0.0,0.0,1.0,0.0,0.0,3.0,0.0,0.0,0.0,0.0,1.0,0.0,0.0,0.0,1.0,0.0,0.0,0.0,2.0,0.0
SAA05.08.01.a,0.0,0.0,2.0,0.0,0.0,1.0,4.0,0.0,2.0,2.0,4.0,0.0,11.0,3.0,12.0,0.0,2.0,0.0,0.0,0.0,2.0,0.0,8.0,0.0,2.0,0.0,12.0,1.0,5.0,2.0,2.0,0.0,0.0,7.0,1.0,4.0,3.0,4.0,2.0,0.0,6.0,0.0,0.0,2.0,1.0,0.0,0.0,3.0,0.0,4.0,0.0,0.0,0.0,0.0,3.0,0.0
SAA05.08.01.b,0.0,0.0,1.0,0.0,0.0,0.0,2.0,0.0,0.0,0.0,0.0,1.0,2.0,3.0,3.0,0.0,0.0,0.0,0.0,0.0,0.0,0.0,0.0,0.0,1.0,0.0,2.0,2.0,0.0,1.0,3.0,0.0,0.0,1.0,0.0,0.0,3.0,0.0,1.0,0.0,2.0,0.0,0.0,0.0,0.0,0.0,0.0,2.0,1.0,3.0,2.0,0.0,0.0,0.0,2.0,0.0
SAA05.08.01.c,1.0,0.0,5.0,0.0,1.0,3.0,4.0,0.0,1.0,1.0,5.0,0.0,9.0,8.0,31.0,2.0,2.0,1.0,0.0,2.0,7.0,0.0,6.0,5.0,6.0,3.0,12.0,1.0,4.0,10.0,21.0,3.0,7.0,8.0,0.0,3.0,10.0,7.0,9.0,1.0,8.0,1.0,3.0,0.0,7.0,1.0,5.0,0.0,0.0,6.0,6.0,1.0,0.0,3.0,2.0,4.0
SAA05.08.02.a,2.0,0.0,2.0,2.0,1.0,1.0,2.0,0.0,0.0,2.0,0.0,0.0,3.0,0.0,2.0,6.0,2.0,0.0,0.0,1.0,3.0,0.0,0.0,0.0,1.0,0.0,1.0,0.0,2.0,0.0,1.0,4.0,1.0,1.0,1.0,1.0,2.0,3.0,0.0,0.0,1.0,0.0,1.0,2.0,0.0,0.0,0.0,0.0,0.0,6.0,5.0,0.0,0.0,0.0,0.0,0.0
SAA05.08.03.a,1.0,0.0,3.0,0.0,0.0,2.0,2.0,0.0,0.0,3.0,0.0,5.0,4.0,3.0,11.0,0.0,1.0,0.0,0.0,1.0,10.0,0.0,2.0,4.0,0.0,0.0,5.0,0.0,3.0,0.0,6.0,5.0,1.0,7.0,0.0,0.0,9.0,11.0,0.0,0.0,1.0,0.0,0.0,0.0,4.0,0.0,2.0,1.0,0.0,6.0,1.0,0.0,1.0,0.0,2.0,0.0
SAA05.08.04.c,0.0,0.0,6.0,0.0,2.0,2.0,4.0,1.0,2.0,0.0,1.0,0.0,10.0,0.0,15.0,0.0,1.0,0.0,0.0,1.0,10.0,0.0,7.0,2.0,7.0,0.0,13.0,0.0,2.0,4.0,15.0,0.0,10.0,11.0,1.0,0.0,3.0,13.0,4.0,0.0,7.0,0.0,0.0,0.0,1.0,2.0,4.0,0.0,0.0,7.0,3.0,0.0,1.0,1.0,2.0,0.0
SAA05.08.05.b,2.0,0.0,4.0,0.0,0.0,1.0,2.0,0.0,1.0,0.0,4.0,4.0,4.0,2.0,10.0,1.0,1.0,0.0,0.0,0.0,6.0,0.0,0.0,4.0,3.0,0.0,7.0,0.0,2.0,0.0,5.0,2.0,5.0,4.0,0.0,4.0,7.0,6.0,0.0,3.0,5.0,0.0,1.0,2.0,3.0,1.0,2.0,1.0,0.0,3.0,2.0,0.0,1.0,0.0,0.0,2.0
SAA05.08.06.a,1.0,2.0,5.0,0.0,0.0,1.0,6.0,0.0,2.0,1.0,1.0,4.0,16.0,0.0,37.0,0.0,0.0,2.0,0.0,0.0,8.0,0.0,6.0,5.0,4.0,1.0,21.0,0.0,4.0,11.0,21.0,1.0,3.0,6.0,1.0,3.0,9.0,13.0,9.0,0.0,13.0,2.0,0.0,0.0,2.0,0.0,4.0,1.0,1.0,5.0,10.0,0.0,0.0,2.0,4.0,0.0
SAA05.08.06.b,0.0,0.0,1.0,0.0,0.0,0.0,2.0,0.0,0.0,0.0,1.0,0.0,5.0,0.0,7.0,0.0,0.0,0.0,0.0,0.0,0.0,0.0,0.0,0.0,0.0,0.0,4.0,0.0,0.0,3.0,0.0,0.0,0.0,0.0,0.0,0.0,0.0,0.0,2.0,0.0,3.0,1.0,0.0,0.0,0.0,0.0,2.0,0.0,0.0,0.0,0.0,0.0,0.0,0.0,2.0,0.0
SAA05.08.06.c,0.0,0.0,1.0,0.0,1.0,0.0,0.0,0.0,1.0,0.0,1.0,2.0,3.0,0.0,8.0,2.0,0.0,0.0,0.0,1.0,0.0,0.0,0.0,1.0,1.0,3.0,1.0,0.0,1.0,4.0,5.0,1.0,1.0,0.0,0.0,0.0,1.0,1.0,4.0,0.0,1.0,0.0,0.0,0.0,0.0,0.0,1.0,0.0,0.0,0.0,0.0,0.0,0.0,1.0,0.0,0.0
SAA05.08.07.a,0.0,0.0,2.0,1.0,1.0,1.0,1.0,0.0,0.0,0.0,0.0,4.0,3.0,0.0,8.0,0.0,0.0,0.0,0.0,1.0,1.0,0.0,2.0,0.0,0.0,0.0,2.0,0.0,0.0,1.0,4.0,3.0,1.0,5.0,0.0,0.0,6.0,3.0,1.0,1.0,2.0,0.0,0.0,0.0,1.0,0.0,0.0,1.0,0.0,2.0,1.0,0.0,1.0,0.0,1.0,0.0
SAA05.08.07.b,4.0,0.0,2.0,1.0,0.0,0.0,1.0,0.0,0.0,0.0,2.0,0.0,2.0,4.0,6.0,0.0,0.0,0.0,0.0,1.0,4.0,0.0,0.0,1.0,3.0,0.0,2.0,0.0,0.0,1.0,5.0,2.0,7.0,0.0,0.0,2.0,1.0,4.0,1.0,0.0,2.0,0.0,2.0,0.0,0.0,0.0,1.0,0.0,0.0,1.0,3.0,0.0,0.0,0.0,1.0,0.0
SAA05.08.08.a,0.0,1.0,1.0,0.0,0.0,0.0,6.0,0.0,0.0,0.0,2.0,0.0,3.0,0.0,7.0,0.0,0.0,1.0,0.0,3.0,2.0,1.0,1.0,2.0,1.0,3.0,3.0,0.0,0.0,0.0,7.0,0.0,2.0,5.0,1.0,4.0,1.0,3.0,0.0,0.0,3.0,0.0,0.0,2.0,0.0,0.0,1.0,0.0,0.0,3.0,3.0,0.0,0.0,0.0,1.0,0.0
SAA05.08.08.c,0.0,2.0,1.0,0.0,0.0,0.0,0.0,0.0,0.0,0.0,0.0,1.0,2.0,0.0,0.0,0.0,0.0,0.0,0.0,1.0,3.0,0.0,1.0,0.0,0.0,0.0,1.0,0.0,0.0,0.0,2.0,0.0,2.0,1.0,1.0,1.0,0.0,4.0,0.0,0.0,1.0,0.0,0.0,2.0,0.0,0.0,0.0,0.0,0.0,0.0,0.0,0.0,0.0,0.0,0.0,0.0
SAA05.08.09.a,0.0,0.0,0.0,0.0,1.0,0.0,1.0,0.0,1.0,0.0,3.0,0.0,1.0,2.0,3.0,0.0,0.0,0.0,0.0,0.0,0.0,1.0,0.0,0.0,0.0,1.0,0.0,3.0,1.0,0.0,1.0,1.0,1.0,1.0,0.0,0.0,0.0,1.0,0.0,0.0,0.0,0.0,0.0,3.0,0.0,0.0,1.0,0.0,0.0,0.0,1.0,0.0,0.0,0.0,1.0,0.0
SAA05.08.10.a,1.0,0.0,2.0,0.0,0.0,1.0,1.0,0.0,1.0,0.0,0.0,9.0,3.0,0.0,8.0,0.0,0.0,0.0,0.0,1.0,2.0,1.0,4.0,1.0,0.0,5.0,0.0,1.0,1.0,0.0,5.0,3.0,1.0,2.0,0.0,3.0,6.0,3.0,0.0,0.0,0.0,0.0,0.0,0.0,1.0,0.0,0.0,0.0,0.0,2.0,3.0,0.0,0.0,0.0,0.0,0.0
SAA05.08.11.c,0.0,1.0,1.0,1.0,0.0,0.0,3.0,0.0,0.0,0.0,0.0,3.0,4.0,0.0,7.0,0.0,0.0,0.0,0.0,1.0,0.0,2.0,5.0,3.0,2.0,0.0,3.0,0.0,0.0,2.0,4.0,2.0,1.0,4.0,1.0,2.0,3.0,2.0,2.0,0.0,2.0,0.0,0.0,0.0,0.0,0.0,0.0,1.0,0.0,4.0,0.0,0.0,0.0,0.0,1.0,0.0
SAA05.08.12.a,0.0,0.0,0.0,0.0,1.0,0.0,1.0,0.0,0.0,0.0,1.0,0.0,2.0,1.0,4.0,0.0,0.0,0.0,0.0,2.0,2.0,0.0,0.0,0.0,0.0,0.0,0.0,0.0,2.0,2.0,1.0,1.0,0.0,2.0,0.0,2.0,0.0,2.0,2.0,0.0,0.0,0.0,0.0,0.0,0.0,0.0,1.0,0.0,0.0,2.0,1.0,0.0,0.0,0.0,1.0,0.0
SAA05.08.13.b,3.0,1.0,1.0,0.0,3.0,0.0,0.0,0.0,0.0,0.0,3.0,1.0,13.0,0.0,27.0,2.0,1.0,0.0,0.0,0.0,1.0,0.0,5.0,0.0,2.0,0.0,0.0,0.0,0.0,3.0,3.0,1.0,1.0,5.0,0.0,1.0,2.0,1.0,0.0,0.0,0.0,0.0,0.0,0.0,1.0,0.0,4.0,0.0,0.0,2.0,2.0,0.0,0.0,0.0,0.0,3.0
SAA05.09.01.c,2.0,1.0,11.0,0.0,5.0,2.0,8.0,0.0,6.0,1.0,11.0,5.0,17.0,3.0,48.0,2.0,0.0,1.0,6.0,2.0,14.0,1.0,8.0,3.0,16.0,4.0,22.0,1.0,9.0,7.0,32.0,1.0,15.0,26.0,15.0,8.0,25.0,20.0,5.0,1.0,6.0,2.0,7.0,3.0,5.0,3.0,2.0,0.0,0.0,16.0,12.0,2.0,0.0,1.0,2.0,0.0
SAA05.09.02.c,0.0,0.0,1.0,0.0,0.0,0.0,1.0,0.0,1.0,2.0,4.0,0.0,3.0,2.0,6.0,0.0,0.0,1.0,0.0,0.0,1.0,0.0,1.0,0.0,0.0,0.0,2.0,0.0,2.0,0.0,1.0,1.0,0.0,0.0,0.0,0.0,2.0,2.0,0.0,0.0,2.0,0.0,0.0,0.0,0.0,0.0,1.0,0.0,0.0,0.0,1.0,0.0,0.0,0.0,1.0,0.0
SAA05.10.01.a,2.0,0.0,5.0,6.0,8.0,0.0,7.0,2.0,13.0,0.0,5.0,8.0,34.0,6.0,56.0,8.0,4.0,0.0,1.0,7.0,21.0,1.0,18.0,3.0,13.0,5.0,31.0,2.0,12.0,19.0,28.0,2.0,10.0,10.0,4.0,4.0,13.0,24.0,8.0,6.0,9.0,9.0,0.0,1.0,9.0,1.0,7.0,1.0,0.0,11.0,8.0,0.0,3.0,1.0,6.0,1.0
SAA05.10.01.b,0.0,0.0,0.0,0.0,1.0,0.0,1.0,0.0,0.0,0.0,1.0,0.0,1.0,3.0,6.0,0.0,0.0,0.0,1.0,0.0,1.0,0.0,1.0,0.0,1.0,0.0,4.0,0.0,0.0,2.0,1.0,1.0,0.0,0.0,0.0,1.0,2.0,1.0,0.0,1.0,2.0,2.0,0.0,1.0,0.0,0.0,1.0,0.0,0.0,0.0,1.0,0.0,0.0,0.0,1.0,0.0
SAA05.10.01.c,1.0,0.0,2.0,0.0,0.0,0.0,3.0,0.0,1.0,0.0,5.0,2.0,7.0,0.0,10.0,2.0,0.0,0.0,0.0,0.0,1.0,0.0,1.0,0.0,1.0,3.0,4.0,0.0,1.0,3.0,8.0,0.0,0.0,1.0,1.0,1.0,3.0,1.0,2.0,0.0,3.0,1.0,0.0,1.0,0.0,0.0,1.0,0.0,0.0,1.0,3.0,0.0,0.0,0.0,2.0,0.0
SAA05.10.02.a,0.0,1.0,0.0,1.0,0.0,1.0,1.0,0.0,0.0,1.0,2.0,6.0,6.0,0.0,4.0,0.0,0.0,0.0,0.0,1.0,4.0,1.0,4.0,0.0,1.0,0.0,7.0,0.0,1.0,0.0,5.0,2.0,3.0,7.0,4.0,0.0,4.0,5.0,0.0,1.0,4.0,0.0,2.0,2.0,1.0,0.0,0.0,2.0,0.0,1.0,1.0,0.0,1.0,0.0,0.0,2.0
SAA05.10.02.c,1.0,0.0,0.0,0.0,0.0,0.0,5.0,0.0,0.0,0.0,5.0,3.0,4.0,0.0,1.0,0.0,0.0,0.0,0.0,0.0,0.0,3.0,1.0,1.0,0.0,0.0,3.0,1.0,0.0,0.0,2.0,2.0,0.0,1.0,0.0,2.0,4.0,6.0,0.0,2.0,3.0,0.0,1.0,0.0,1.0,2.0,0.0,3.0,1.0,7.0,0.0,0.0,0.0,0.0,2.0,0.0
SAA05.10.03.a,1.0,0.0,2.0,0.0,0.0,0.0,4.0,0.0,0.0,1.0,0.0,2.0,0.0,0.0,3.0,0.0,0.0,0.0,1.0,0.0,0.0,0.0,0.0,0.0,0.0,0.0,1.0,1.0,1.0,0.0,2.0,1.0,0.0,1.0,0.0,0.0,2.0,0.0,0.0,0.0,1.0,0.0,0.0,1.0,0.0,0.0,2.0,0.0,0.0,1.0,0.0,0.0,0.0,0.0,2.0,0.0
SAA05.10.04.a,3.0,0.0,4.0,0.0,0.0,1.0,8.0,0.0,4.0,2.0,5.0,23.0,18.0,0.0,26.0,1.0,1.0,1.0,3.0,4.0,9.0,0.0,8.0,15.0,4.0,1.0,17.0,2.0,6.0,0.0,19.0,8.0,3.0,11.0,0.0,5.0,10.0,11.0,0.0,4.0,8.0,0.0,1.0,3.0,1.0,0.0,3.0,1.0,0.0,10.0,5.0,0.0,0.0,0.0,3.0,0.0
SAA05.10.04.c,0.0,2.0,3.0,0.0,1.0,0.0,9.0,0.0,0.0,4.0,2.0,8.0,17.0,0.0,22.0,0.0,0.0,4.0,2.0,3.0,4.0,5.0,0.0,10.0,1.0,0.0,13.0,2.0,4.0,0.0,22.0,3.0,5.0,14.0,3.0,2.0,17.0,10.0,0.0,5.0,6.0,0.0,1.0,5.0,6.0,2.0,1.0,2.0,0.0,18.0,8.0,0.0,0.0,3.0,4.0,0.0
SAA05.10.05.a,0.0,2.0,4.0,0.0,0.0,1.0,5.0,0.0,1.0,0.0,4.0,0.0,3.0,0.0,21.0,3.0,0.0,0.0,0.0,1.0,2.0,0.0,3.0,2.0,1.0,1.0,2.0,2.0,2.0,6.0,4.0,0.0,2.0,6.0,0.0,2.0,10.0,1.0,5.0,0.0,1.0,1.0,0.0,0.0,5.0,0.0,1.0,1.0,0.0,7.0,6.0,0.0,0.0,1.0,1.0,0.0
SAA05.11.01.a,1.0,2.0,2.0,0.0,3.0,1.0,7.0,1.0,10.0,0.0,2.0,7.0,5.0,0.0,28.0,0.0,0.0,2.0,0.0,4.0,14.0,1.0,3.0,0.0,5.0,1.0,5.0,2.0,11.0,8.0,11.0,3.0,2.0,6.0,4.0,7.0,14.0,15.0,8.0,0.0,5.0,0.0,2.0,1.0,3.0,0.0,2.0,2.0,2.0,3.0,3.0,0.0,2.0,0.0,2.0,0.0
SAA05.11.01.c,0.0,1.0,4.0,1.0,1.0,0.0,4.0,1.0,1.0,3.0,2.0,7.0,16.0,0.0,21.0,0.0,0.0,4.0,1.0,6.0,11.0,0.0,12.0,0.0,4.0,0.0,8.0,1.0,8.0,4.0,19.0,2.0,1.0,8.0,0.0,0.0,8.0,17.0,4.0,0.0,5.0,0.0,0.0,4.0,1.0,0.0,3.0,0.0,0.0,6.0,4.0,0.0,3.0,0.0,1.0,0.0
SAA05.12.01.a,1.0,0.0,0.0,0.0,1.0,0.0,2.0,0.0,1.0,0.0,1.0,0.0,4.0,0.0,2.0,0.0,0.0,0.0,0.0,0.0,1.0,0.0,1.0,0.0,1.0,0.0,6.0,0.0,1.0,0.0,1.0,0.0,0.0,2.0,2.0,1.0,0.0,1.0,0.0,0.0,5.0,0.0,1.0,0.0,0.0,0.0,2.0,0.0,0.0,0.0,1.0,0.0,0.0,1.0,2.0,0.0
SAA05.12.01.b,0.0,0.0,0.0,0.0,0.0,0.0,2.0,0.0,0.0,0.0,1.0,0.0,4.0,0.0,0.0,0.0,0.0,0.0,0.0,0.0,1.0,0.0,0.0,0.0,0.0,0.0,5.0,0.0,0.0,0.0,0.0,1.0,0.0,0.0,0.0,0.0,0.0,1.0,0.0,0.0,4.0,0.0,0.0,0.0,0.0,0.0,2.0,0.0,0.0,0.0,1.0,0.0,0.0,0.0,2.0,0.0
SAA05.12.02.a,0.0,0.0,0.0,0.0,0.0,0.0,3.0,0.0,0.0,0.0,0.0,0.0,2.0,0.0,7.0,0.0,0.0,0.0,0.0,0.0,3.0,0.0,0.0,0.0,1.0,0.0,6.0,0.0,0.0,5.0,1.0,0.0,4.0,1.0,0.0,0.0,3.0,3.0,1.0,0.0,0.0,4.0,1.0,0.0,0.0,0.0,1.0,0.0,0.0,2.0,0.0,0.0,0.0,2.0,0.0,1.0
SAA05.12.03.a,0.0,0.0,0.0,0.0,0.0,0.0,2.0,0.0,0.0,0.0,2.0,0.0,0.0,2.0,3.0,0.0,0.0,0.0,0.0,1.0,1.0,0.0,3.0,0.0,1.0,1.0,2.0,0.0,0.0,2.0,3.0,0.0,0.0,0.0,1.0,0.0,0.0,1.0,1.0,0.0,1.0,1.0,0.0,0.0,0.0,0.0,1.0,0.0,0.0,0.0,1.0,0.0,0.0,0.0,2.0,0.0
SAA05.12.04.a,1.0,0.0,4.0,0.0,4.0,2.0,1.0,1.0,4.0,0.0,0.0,6.0,5.0,1.0,15.0,0.0,0.0,0.0,1.0,0.0,6.0,0.0,4.0,0.0,1.0,4.0,13.0,0.0,4.0,0.0,8.0,0.0,1.0,5.0,0.0,0.0,1.0,6.0,0.0,0.0,6.0,0.0,0.0,1.0,1.0,2.0,0.0,1.0,0.0,1.0,1.0,0.0,1.0,1.0,1.0,0.0
SAA05.12.05.a,0.0,0.0,2.0,0.0,0.0,0.0,3.0,0.0,3.0,0.0,1.0,0.0,4.0,0.0,3.0,0.0,0.0,0.0,0.0,0.0,0.0,0.0,2.0,0.0,0.0,0.0,4.0,0.0,4.0,0.0,2.0,0.0,0.0,1.0,1.0,0.0,2.0,0.0,0.0,0.0,4.0,0.0,0.0,0.0,0.0,0.0,0.0,1.0,0.0,0.0,0.0,0.0,0.0,0.0,3.0,0.0
SAA05.12.06.a,1.0,0.0,0.0,0.0,0.0,0.0,0.0,3.0,1.0,0.0,1.0,7.0,7.0,1.0,1.0,0.0,1.0,0.0,0.0,0.0,1.0,0.0,1.0,1.0,0.0,0.0,2.0,1.0,1.0,0.0,5.0,1.0,1.0,2.0,1.0,2.0,0.0,1.0,0.0,0.0,2.0,0.0,0.0,0.0,1.0,0.0,1.0,0.0,0.0,0.0,0.0,0.0,0.0,0.0,3.0,0.0
SAA05.12.07.a,1.0,0.0,1.0,0.0,2.0,0.0,0.0,4.0,1.0,3.0,2.0,0.0,3.0,0.0,9.0,0.0,0.0,0.0,0.0,0.0,3.0,0.0,0.0,0.0,0.0,2.0,0.0,3.0,4.0,2.0,3.0,1.0,0.0,4.0,0.0,0.0,1.0,3.0,1.0,0.0,0.0,0.0,0.0,0.0,1.0,1.0,1.0,0.0,0.0,0.0,1.0,0.0,0.0,0.0,1.0,0.0
SAA05.12.08.a,0.0,0.0,0.0,0.0,0.0,0.0,0.0,0.0,0.0,0.0,0.0,0.0,3.0,0.0,3.0,0.0,0.0,0.0,1.0,0.0,0.0,0.0,0.0,0.0,0.0,0.0,2.0,0.0,0.0,1.0,1.0,0.0,0.0,0.0,0.0,0.0,1.0,0.0,1.0,0.0,2.0,0.0,0.0,0.0,0.0,0.0,1.0,0.0,0.0,0.0,1.0,0.0,0.0,0.0,1.0,0.0
SAA05.12.09.c,0.0,0.0,0.0,0.0,0.0,0.0,0.0,0.0,0.0,0.0,0.0,1.0,0.0,0.0,1.0,0.0,0.0,0.0,0.0,1.0,0.0,0.0,1.0,0.0,0.0,0.0,0.0,0.0,0.0,0.0,5.0,0.0,0.0,0.0,0.0,0.0,0.0,1.0,0.0,0.0,0.0,0.0,0.0,0.0,0.0,0.0,0.0,0.0,0.0,0.0,1.0,1.0,0.0,0.0,0.0,0.0
SAA05.12.10.c,9.0,2.0,24.0,4.0,5.0,10.0,16.0,2.0,4.0,5.0,16.0,16.0,42.0,3.0,104.0,4.0,5.0,1.0,6.0,12.0,12.0,4.0,52.0,15.0,28.0,13.0,39.0,4.0,17.0,30.0,82.0,6.0,9.0,33.0,11.0,17.0,23.0,23.0,18.0,2.0,14.0,8.0,6.0,10.0,16.0,3.0,6.0,3.0,4.0,27.0,27.0,3.0,2.0,4.0,7.0,1.0
SAA05.13.01.c,2.0,0.0,4.0,0.0,2.0,0.0,1.0,1.0,1.0,0.0,10.0,0.0,11.0,0.0,8.0,0.0,0.0,0.0,0.0,3.0,7.0,2.0,3.0,0.0,2.0,0.0,2.0,0.0,2.0,1.0,6.0,0.0,9.0,0.0,6.0,2.0,5.0,10.0,1.0,0.0,0.0,0.0,0.0,1.0,4.0,0.0,0.0,0.0,0.0,5.0,3.0,0.0,0.0,0.0,0.0,0.0
SAA05.13.02.b,0.0,0.0,3.0,0.0,0.0,0.0,0.0,0.0,0.0,0.0,0.0,0.0,5.0,0.0,1.0,0.0,1.0,0.0,0.0,0.0,1.0,0.0,3.0,0.0,6.0,0.0,4.0,0.0,0.0,0.0,6.0,0.0,3.0,0.0,1.0,0.0,1.0,1.0,0.0,0.0,3.0,0.0,1.0,1.0,0.0,0.0,2.0,0.0,0.0,0.0,0.0,0.0,0.0,0.0,0.0,4.0
SAA05.13.03.c,3.0,1.0,2.0,3.0,3.0,3.0,3.0,1.0,2.0,2.0,5.0,0.0,21.0,1.0,32.0,5.0,1.0,0.0,1.0,1.0,11.0,1.0,15.0,3.0,6.0,0.0,12.0,0.0,3.0,6.0,21.0,4.0,2.0,23.0,4.0,5.0,8.0,14.0,6.0,1.0,4.0,0.0,1.0,1.0,8.0,0.0,2.0,0.0,0.0,8.0,2.0,1.0,1.0,0.0,1.0,0.0
SAA05.14.01.c,0.0,0.0,1.0,0.0,0.0,1.0,2.0,0.0,0.0,2.0,3.0,0.0,8.0,0.0,5.0,3.0,1.0,0.0,2.0,2.0,0.0,3.0,0.0,4.0,2.0,0.0,3.0,0.0,4.0,0.0,8.0,2.0,1.0,6.0,0.0,3.0,3.0,3.0,0.0,5.0,2.0,0.0,0.0,0.0,0.0,0.0,0.0,0.0,0.0,3.0,1.0,0.0,2.0,0.0,0.0,0.0
SAA05.14.02.a,2.0,0.0,0.0,0.0,0.0,0.0,0.0,0.0,0.0,0.0,0.0,0.0,1.0,0.0,5.0,0.0,0.0,0.0,0.0,0.0,0.0,0.0,0.0,0.0,0.0,0.0,2.0,0.0,0.0,0.0,5.0,2.0,0.0,1.0,1.0,0.0,0.0,1.0,0.0,1.0,2.0,0.0,0.0,0.0,0.0,0.0,1.0,0.0,0.0,5.0,0.0,0.0,0.0,0.0,1.0,0.0
SAA05.14.03.a,0.0,0.0,1.0,0.0,0.0,0.0,1.0,0.0,1.0,0.0,1.0,0.0,3.0,0.0,7.0,0.0,0.0,0.0,0.0,0.0,1.0,0.0,1.0,0.0,1.0,0.0,0.0,4.0,1.0,2.0,1.0,0.0,2.0,0.0,0.0,1.0,2.0,1.0,0.0,1.0,0.0,0.0,0.0,0.0,1.0,0.0,2.0,0.0,0.0,1.0,2.0,0.0,1.0,0.0,1.0,0.0
SAA05.14.04.c,5.0,2.0,22.0,0.0,7.0,1.0,10.0,2.0,14.0,2.0,14.0,0.0,28.0,2.0,55.0,1.0,1.0,2.0,11.0,5.0,18.0,1.0,23.0,3.0,25.0,1.0,14.0,1.0,16.0,9.0,35.0,8.0,6.0,12.0,0.0,1.0,25.0,13.0,9.0,3.0,8.0,0.0,2.0,1.0,5.0,0.0,8.0,3.0,1.0,14.0,8.0,0.0,3.0,2.0,1.0,0.0
SAA15.01.01.a,1.0,2.0,10.0,1.0,3.0,0.0,16.0,0.0,7.0,0.0,17.0,1.0,35.0,3.0,83.0,0.0,6.0,4.0,4.0,6.0,13.0,3.0,14.0,6.0,19.0,0.0,18.0,22.0,3.0,36.0,42.0,4.0,6.0,34.0,5.0,6.0,33.0,20.0,13.0,0.0,1.0,11.0,3.0,2.0,13.0,1.0,6.0,10.0,2.0,16.0,5.0,1.0,1.0,5.0,10.0,0.0
SAA15.01.01.b,2.0,0.0,5.0,0.0,0.0,0.0,6.0,0.0,0.0,0.0,8.0,0.0,14.0,5.0,28.0,0.0,1.0,0.0,0.0,1.0,5.0,0.0,6.0,1.0,3.0,4.0,4.0,7.0,0.0,10.0,14.0,2.0,2.0,8.0,1.0,3.0,14.0,4.0,5.0,0.0,2.0,2.0,1.0,2.0,1.0,0.0,3.0,2.0,0.0,8.0,4.0,0.0,0.0,1.0,4.0,0.0
SAA15.01.01.c,1.0,0.0,1.0,0.0,0.0,0.0,0.0,0.0,1.0,0.0,0.0,0.0,1.0,0.0,2.0,0.0,0.0,0.0,0.0,2.0,0.0,0.0,0.0,2.0,0.0,2.0,0.0,0.0,0.0,0.0,2.0,0.0,0.0,0.0,0.0,1.0,3.0,0.0,0.0,0.0,0.0,0.0,1.0,1.0,0.0,0.0,0.0,1.0,0.0,0.0,0.0,0.0,0.0,0.0,0.0,0.0
SAA15.01.02.a,0.0,0.0,0.0,0.0,0.0,0.0,1.0,0.0,0.0,0.0,1.0,0.0,2.0,0.0,3.0,0.0,0.0,0.0,0.0,0.0,0.0,0.0,0.0,0.0,2.0,0.0,0.0,1.0,0.0,1.0,2.0,0.0,0.0,3.0,0.0,0.0,0.0,0.0,0.0,0.0,0.0,0.0,0.0,0.0,0.0,0.0,0.0,0.0,0.0,0.0,0.0,0.0,0.0,0.0,0.0,0.0
SAA15.01.03.a,2.0,0.0,3.0,0.0,0.0,0.0,1.0,0.0,1.0,0.0,2.0,0.0,5.0,0.0,3.0,0.0,2.0,0.0,0.0,0.0,0.0,0.0,0.0,0.0,1.0,0.0,2.0,0.0,2.0,1.0,1.0,0.0,0.0,0.0,0.0,0.0,0.0,0.0,0.0,0.0,0.0,1.0,0.0,0.0,0.0,0.0,0.0,0.0,0.0,0.0,0.0,0.0,0.0,0.0,1.0,0.0
SAA15.01.04.c,1.0,1.0,2.0,2.0,0.0,0.0,3.0,0.0,3.0,0.0,2.0,0.0,9.0,2.0,14.0,1.0,0.0,0.0,0.0,1.0,7.0,2.0,2.0,2.0,2.0,0.0,6.0,0.0,4.0,5.0,9.0,0.0,1.0,10.0,1.0,5.0,8.0,10.0,4.0,0.0,3.0,1.0,2.0,3.0,1.0,0.0,1.0,0.0,0.0,5.0,0.0,0.0,0.0,2.0,1.0,0.0
SAA15.02.01.a,5.0,1.0,7.0,0.0,10.0,0.0,12.0,1.0,8.0,1.0,14.0,2.0,28.0,5.0,57.0,0.0,2.0,2.0,4.0,9.0,2.0,9.0,16.0,3.0,7.0,0.0,10.0,15.0,10.0,19.0,27.0,13.0,12.0,13.0,6.0,3.0,22.0,12.0,11.0,0.0,2.0,2.0,0.0,1.0,6.0,0.0,5.0,5.0,1.0,12.0,8.0,0.0,3.0,0.0,7.0,0.0
SAA15.02.01.b,1.0,0.0,0.0,0.0,0.0,1.0,3.0,0.0,1.0,0.0,0.0,0.0,7.0,0.0,10.0,0.0,1.0,0.0,0.0,1.0,0.0,0.0,1.0,0.0,1.0,0.0,3.0,2.0,1.0,5.0,4.0,2.0,2.0,2.0,0.0,0.0,4.0,0.0,3.0,0.0,3.0,0.0,1.0,0.0,0.0,0.0,0.0,2.0,0.0,3.0,1.0,0.0,0.0,0.0,2.0,0.0
SAA15.02.01.c,7.0,0.0,12.0,0.0,11.0,5.0,8.0,0.0,8.0,3.0,19.0,2.0,24.0,15.0,70.0,8.0,5.0,1.0,4.0,8.0,21.0,3.0,17.0,13.0,14.0,5.0,18.0,4.0,14.0,14.0,37.0,7.0,11.0,39.0,5.0,4.0,29.0,23.0,10.0,4.0,6.0,2.0,2.0,8.0,23.0,0.0,4.0,3.0,3.0,36.0,6.0,0.0,2.0,0.0,5.0,0.0
SAA15.02.02.c,3.0,0.0,1.0,0.0,1.0,2.0,3.0,1.0,2.0,0.0,1.0,0.0,8.0,1.0,12.0,1.0,1.0,0.0,0.0,1.0,3.0,1.0,2.0,5.0,2.0,0.0,4.0,0.0,3.0,1.0,4.0,1.0,1.0,8.0,2.0,5.0,4.0,6.0,1.0,1.0,1.0,0.0,1.0,0.0,0.0,0.0,0.0,0.0,0.0,8.0,1.0,1.0,0.0,2.0,0.0,0.0
SAA15.02.03.c,0.0,0.0,1.0,0.0,0.0,0.0,1.0,0.0,0.0,0.0,1.0,0.0,3.0,0.0,9.0,0.0,0.0,0.0,0.0,0.0,2.0,0.0,0.0,0.0,2.0,0.0,0.0,0.0,0.0,4.0,7.0,0.0,0.0,2.0,0.0,0.0,1.0,3.0,1.0,0.0,0.0,0.0,0.0,0.0,0.0,0.0,0.0,1.0,0.0,2.0,1.0,0.0,0.0,0.0,1.0,0.0
SAA15.03.01.a,0.0,0.0,2.0,0.0,1.0,0.0,1.0,0.0,2.0,1.0,0.0,4.0,4.0,2.0,10.0,0.0,2.0,0.0,0.0,0.0,2.0,0.0,4.0,0.0,3.0,0.0,3.0,2.0,4.0,3.0,3.0,0.0,0.0,3.0,0.0,2.0,3.0,2.0,0.0,0.0,0.0,2.0,0.0,0.0,0.0,0.0,1.0,0.0,0.0,5.0,0.0,0.0,0.0,0.0,1.0,0.0
SAA15.03.01.b,4.0,0.0,1.0,0.0,0.0,0.0,1.0,0.0,2.0,1.0,0.0,4.0,3.0,1.0,6.0,1.0,0.0,0.0,0.0,0.0,1.0,0.0,1.0,0.0,1.0,0.0,2.0,2.0,3.0,3.0,1.0,0.0,0.0,2.0,1.0,1.0,0.0,2.0,0.0,0.0,0.0,0.0,0.0,0.0,3.0,0.0,2.0,0.0,1.0,1.0,1.0,0.0,1.0,0.0,1.0,0.0
SAA15.03.01.c,3.0,0.0,3.0,0.0,1.0,2.0,1.0,0.0,6.0,0.0,5.0,7.0,15.0,2.0,34.0,3.0,0.0,0.0,2.0,5.0,9.0,0.0,5.0,8.0,3.0,0.0,10.0,1.0,6.0,6.0,18.0,1.0,7.0,8.0,1.0,6.0,13.0,12.0,2.0,1.0,4.0,2.0,0.0,0.0,3.0,0.0,3.0,0.0,0.0,3.0,4.0,1.0,1.0,1.0,1.0,1.0
SAA15.03.02.a,4.0,1.0,6.0,0.0,13.0,0.0,2.0,0.0,11.0,0.0,9.0,0.0,16.0,0.0,24.0,0.0,1.0,0.0,0.0,7.0,17.0,0.0,1.0,20.0,0.0,7.0,6.0,2.0,11.0,2.0,22.0,1.0,1.0,7.0,8.0,0.0,9.0,19.0,0.0,0.0,2.0,1.0,2.0,2.0,2.0,0.0,2.0,0.0,0.0,5.0,4.0,0.0,0.0,3.0,0.0,2.0
SAA15.03.02.b,0.0,1.0,3.0,0.0,0.0,0.0,1.0,0.0,2.0,0.0,2.0,0.0,9.0,0.0,6.0,0.0,0.0,0.0,0.0,1.0,3.0,0.0,2.0,2.0,3.0,0.0,4.0,0.0,2.0,2.0,6.0,0.0,1.0,7.0,3.0,0.0,1.0,3.0,0.0,0.0,2.0,2.0,0.0,0.0,1.0,0.0,1.0,0.0,0.0,1.0,3.0,0.0,0.0,2.0,0.0,2.0
SAA15.03.02.c,0.0,0.0,4.0,0.0,0.0,0.0,3.0,0.0,7.0,0.0,0.0,5.0,0.0,2.0,8.0,2.0,0.0,1.0,0.0,0.0,8.0,0.0,0.0,4.0,2.0,5.0,5.0,2.0,8.0,3.0,13.0,0.0,1.0,1.0,3.0,1.0,3.0,8.0,0.0,1.0,2.0,1.0,0.0,1.0,1.0,0.0,2.0,0.0,1.0,3.0,2.0,0.0,2.0,3.0,1.0,0.0
SAA15.03.03.a,0.0,0.0,3.0,1.0,1.0,0.0,3.0,0.0,0.0,0.0,2.0,0.0,7.0,0.0,8.0,0.0,0.0,0.0,0.0,0.0,1.0,0.0,2.0,2.0,8.0,0.0,6.0,4.0,0.0,4.0,8.0,0.0,0.0,2.0,0.0,1.0,2.0,3.0,0.0,0.0,4.0,1.0,0.0,0.0,0.0,0.0,4.0,1.0,0.0,0.0,0.0,0.0,0.0,1.0,3.0,2.0
SAA15.03.03.b,0.0,0.0,0.0,0.0,0.0,0.0,2.0,0.0,0.0,0.0,0.0,2.0,3.0,0.0,4.0,0.0,0.0,0.0,0.0,1.0,0.0,0.0,1.0,0.0,1.0,3.0,7.0,0.0,0.0,2.0,6.0,0.0,1.0,1.0,0.0,0.0,0.0,1.0,2.0,0.0,4.0,0.0,0.0,0.0,0.0,0.0,2.0,0.0,0.0,1.0,0.0,0.0,0.0,1.0,2.0,0.0
SAA15.03.04.a,6.0,0.0,3.0,0.0,4.0,0.0,4.0,0.0,2.0,0.0,6.0,0.0,11.0,0.0,16.0,0.0,2.0,0.0,0.0,1.0,10.0,0.0,10.0,0.0,5.0,0.0,2.0,1.0,3.0,6.0,14.0,2.0,2.0,7.0,4.0,2.0,6.0,10.0,2.0,0.0,0.0,0.0,1.0,0.0,2.0,0.0,2.0,0.0,0.0,10.0,3.0,0.0,1.0,1.0,4.0,0.0
SAA15.03.04.b,0.0,0.0,2.0,0.0,0.0,0.0,0.0,0.0,0.0,0.0,0.0,0.0,2.0,0.0,3.0,0.0,0.0,0.0,0.0,0.0,0.0,0.0,0.0,0.0,0.0,0.0,0.0,0.0,0.0,2.0,0.0,1.0,0.0,0.0,0.0,0.0,2.0,0.0,1.0,0.0,0.0,0.0,0.0,0.0,0.0,0.0,0.0,1.0,0.0,0.0,0.0,0.0,0.0,0.0,0.0,1.0
SAA15.03.05.b,0.0,0.0,1.0,0.0,0.0,0.0,1.0,0.0,0.0,0.0,0.0,0.0,2.0,0.0,3.0,0.0,1.0,0.0,0.0,0.0,2.0,0.0,0.0,3.0,0.0,0.0,0.0,3.0,0.0,2.0,0.0,1.0,0.0,0.0,2.0,0.0,1.0,2.0,0.0,0.0,0.0,0.0,0.0,0.0,0.0,0.0,1.0,0.0,0.0,0.0,1.0,0.0,0.0,0.0,1.0,0.0
SAA15.03.06.c,7.0,3.0,5.0,2.0,3.0,4.0,2.0,0.0,1.0,1.0,3.0,3.0,11.0,5.0,24.0,2.0,0.0,1.0,2.0,5.0,5.0,7.0,9.0,6.0,0.0,3.0,3.0,1.0,2.0,1.0,13.0,11.0,10.0,18.0,6.0,2.0,11.0,15.0,1.0,1.0,2.0,0.0,2.0,5.0,5.0,2.0,1.0,0.0,3.0,17.0,3.0,0.0,1.0,1.0,0.0,0.0
SAA15.04.01.a,1.0,0.0,4.0,0.0,1.0,0.0,3.0,1.0,2.0,0.0,1.0,0.0,8.0,0.0,21.0,0.0,0.0,0.0,2.0,2.0,2.0,2.0,6.0,0.0,11.0,0.0,3.0,3.0,2.0,5.0,16.0,1.0,0.0,7.0,3.0,2.0,3.0,4.0,2.0,3.0,0.0,0.0,0.0,0.0,2.0,1.0,2.0,0.0,0.0,6.0,0.0,0.0,1.0,0.0,2.0,1.0
SAA15.04.01.b,1.0,0.0,0.0,0.0,0.0,2.0,2.0,0.0,0.0,0.0,0.0,0.0,3.0,0.0,4.0,0.0,0.0,0.0,0.0,0.0,0.0,0.0,0.0,0.0,1.0,0.0,0.0,1.0,0.0,1.0,5.0,0.0,1.0,1.0,0.0,1.0,0.0,1.0,0.0,2.0,0.0,0.0,0.0,1.0,0.0,0.0,1.0,0.0,0.0,0.0,1.0,0.0,0.0,0.0,2.0,0.0
SAA15.04.01.c,2.0,2.0,7.0,0.0,8.0,0.0,1.0,0.0,3.0,0.0,6.0,0.0,15.0,0.0,24.0,1.0,3.0,0.0,6.0,0.0,8.0,0.0,9.0,0.0,16.0,1.0,3.0,3.0,2.0,4.0,23.0,0.0,2.0,16.0,2.0,2.0,8.0,8.0,2.0,2.0,0.0,0.0,0.0,1.0,5.0,0.0,0.0,1.0,0.0,9.0,9.0,0.0,1.0,0.0,2.0,0.0
SAA15.04.02.a,5.0,0.0,6.0,0.0,6.0,0.0,11.0,2.0,4.0,0.0,6.0,7.0,19.0,4.0,86.0,0.0,5.0,0.0,0.0,10.0,21.0,0.0,23.0,0.0,13.0,0.0,6.0,5.0,5.0,16.0,30.0,4.0,7.0,21.0,4.0,2.0,19.0,21.0,6.0,4.0,0.0,2.0,2.0,0.0,4.0,0.0,4.0,2.0,0.0,18.0,8.0,0.0,0.0,7.0,7.0,2.0
SAA15.04.02.c,15.0,0.0,24.0,0.0,11.0,7.0,14.0,3.0,8.0,1.0,27.0,1.0,45.0,1.0,90.0,2.0,5.0,1.0,4.0,3.0,22.0,0.0,18.0,21.0,13.0,0.0,22.0,2.0,16.0,8.0,56.0,4.0,13.0,47.0,9.0,9.0,26.0,27.0,6.0,4.0,8.0,1.0,3.0,1.0,14.0,1.0,6.0,0.0,1.0,30.0,16.0,0.0,1.0,1.0,9.0,1.0
SAA15.04.03.c,3.0,1.0,3.0,0.0,1.0,0.0,2.0,0.0,1.0,0.0,2.0,0.0,2.0,0.0,14.0,6.0,0.0,0.0,1.0,0.0,5.0,0.0,5.0,0.0,3.0,1.0,6.0,0.0,3.0,4.0,12.0,1.0,4.0,6.0,1.0,4.0,8.0,9.0,3.0,1.0,1.0,1.0,0.0,1.0,2.0,2.0,1.0,0.0,0.0,5.0,3.0,0.0,1.0,0.0,1.0,0.0
SAA15.05.01.a,7.0,0.0,6.0,0.0,7.0,1.0,19.0,0.0,2.0,0.0,3.0,3.0,32.0,0.0,39.0,0.0,5.0,0.0,1.0,2.0,4.0,8.0,18.0,0.0,22.0,2.0,12.0,3.0,3.0,16.0,27.0,5.0,18.0,13.0,2.0,0.0,9.0,17.0,9.0,0.0,0.0,6.0,1.0,4.0,4.0,0.0,1.0,4.0,0.0,13.0,7.0,0.0,5.0,0.0,10.0,0.0
SAA15.05.01.c,3.0,1.0,22.0,0.0,5.0,0.0,32.0,2.0,7.0,3.0,25.0,0.0,49.0,0.0,110.0,2.0,2.0,6.0,4.0,17.0,21.0,21.0,12.0,14.0,16.0,3.0,25.0,9.0,9.0,29.0,37.0,0.0,21.0,17.0,7.0,5.0,26.0,51.0,17.0,0.0,4.0,10.0,5.0,3.0,18.0,0.0,6.0,4.0,2.0,45.0,6.0,2.0,2.0,2.0,18.0,0.0
SAA15.05.02.c,4.0,0.0,19.0,0.0,5.0,0.0,28.0,0.0,5.0,2.0,42.0,0.0,59.0,0.0,113.0,4.0,7.0,0.0,1.0,9.0,7.0,22.0,10.0,8.0,25.0,0.0,25.0,16.0,9.0,51.0,36.0,6.0,17.0,15.0,8.0,5.0,20.0,35.0,23.0,0.0,0.0,11.0,0.0,12.0,6.0,0.0,7.0,2.0,1.0,46.0,9.0,0.0,0.0,8.0,16.0,0.0
SAA15.05.03.a,2.0,0.0,3.0,0.0,5.0,0.0,8.0,0.0,1.0,0.0,18.0,4.0,18.0,0.0,41.0,0.0,0.0,1.0,0.0,3.0,6.0,0.0,6.0,0.0,18.0,0.0,7.0,1.0,1.0,16.0,19.0,0.0,1.0,5.0,1.0,3.0,5.0,6.0,6.0,0.0,0.0,7.0,0.0,3.0,2.0,2.0,1.0,1.0,0.0,6.0,6.0,0.0,1.0,3.0,3.0,0.0
SAA15.05.03.c,0.0,0.0,0.0,0.0,3.0,0.0,0.0,0.0,1.0,0.0,2.0,0.0,3.0,0.0,2.0,0.0,0.0,0.0,3.0,1.0,2.0,0.0,0.0,1.0,3.0,0.0,3.0,0.0,1.0,2.0,4.0,0.0,0.0,0.0,0.0,0.0,0.0,2.0,1.0,0.0,1.0,1.0,1.0,0.0,0.0,0.0,2.0,0.0,0.0,1.0,0.0,0.0,0.0,1.0,0.0,1.0
SAA15.05.04.a,0.0,0.0,3.0,0.0,0.0,0.0,2.0,0.0,0.0,0.0,0.0,0.0,4.0,0.0,9.0,0.0,0.0,0.0,0.0,1.0,1.0,0.0,0.0,1.0,2.0,0.0,2.0,0.0,0.0,3.0,3.0,0.0,2.0,0.0,2.0,0.0,4.0,1.0,1.0,0.0,0.0,2.0,1.0,0.0,0.0,0.0,0.0,1.0,1.0,0.0,1.0,0.0,0.0,1.0,1.0,0.0
SAA15.05.04.b,0.0,1.0,0.0,0.0,0.0,0.0,2.0,0.0,0.0,0.0,0.0,0.0,3.0,0.0,3.0,0.0,0.0,0.0,0.0,0.0,0.0,0.0,1.0,1.0,0.0,0.0,3.0,0.0,0.0,3.0,2.0,0.0,0.0,0.0,0.0,0.0,0.0,0.0,0.0,0.0,0.0,3.0,0.0,0.0,0.0,0.0,1.0,0.0,0.0,0.0,1.0,0.0,0.0,0.0,2.0,0.0
SAA15.05.05.c,6.0,0.0,9.0,0.0,2.0,4.0,6.0,1.0,2.0,0.0,20.0,0.0,12.0,4.0,18.0,9.0,1.0,2.0,2.0,4.0,6.0,5.0,14.0,5.0,4.0,4.0,11.0,4.0,3.0,9.0,14.0,6.0,5.0,10.0,3.0,1.0,7.0,13.0,6.0,0.0,1.0,2.0,0.0,3.0,4.0,0.0,3.0,0.0,1.0,8.0,7.0,0.0,1.0,1.0,1.0,0.0
SAA15.06.01 or SAA15.07.01.c,1.0,0.0,2.0,0.0,1.0,1.0,3.0,0.0,1.0,0.0,1.0,0.0,5.0,0.0,9.0,0.0,0.0,1.0,1.0,0.0,2.0,0.0,1.0,0.0,3.0,0.0,4.0,0.0,1.0,0.0,4.0,0.0,2.0,1.0,1.0,0.0,3.0,3.0,0.0,0.0,0.0,0.0,0.0,0.0,1.0,0.0,0.0,0.0,0.0,10.0,0.0,1.0,0.0,0.0,0.0,0.0
SAA15.06.01.a,1.0,0.0,5.0,0.0,2.0,5.0,15.0,0.0,3.0,0.0,17.0,0.0,33.0,0.0,62.0,0.0,1.0,7.0,1.0,13.0,2.0,10.0,11.0,14.0,12.0,0.0,25.0,13.0,2.0,31.0,37.0,2.0,1.0,30.0,0.0,1.0,13.0,12.0,6.0,0.0,0.0,12.0,0.0,5.0,5.0,0.0,5.0,3.0,0.0,14.0,3.0,1.0,0.0,2.0,11.0,0.0
SAA15.06.01.b,0.0,0.0,4.0,0.0,1.0,0.0,5.0,0.0,1.0,0.0,7.0,0.0,6.0,0.0,5.0,0.0,0.0,0.0,0.0,6.0,3.0,0.0,4.0,1.0,1.0,0.0,6.0,3.0,1.0,4.0,9.0,0.0,1.0,7.0,3.0,1.0,1.0,3.0,0.0,0.0,0.0,1.0,0.0,10.0,0.0,0.0,1.0,1.0,0.0,1.0,1.0,0.0,0.0,0.0,2.0,0.0
SAA15.06.01.c,3.0,5.0,20.0,0.0,8.0,4.0,12.0,0.0,5.0,2.0,26.0,2.0,39.0,0.0,96.0,1.0,6.0,4.0,5.0,6.0,19.0,11.0,15.0,8.0,19.0,15.0,36.0,22.0,10.0,47.0,61.0,0.0,14.0,46.0,13.0,4.0,26.0,38.0,13.0,0.0,4.0,15.0,3.0,5.0,4.0,0.0,4.0,4.0,1.0,20.0,8.0,2.0,2.0,5.0,8.0,0.0
SAA15.06.02.a,0.0,0.0,0.0,0.0,1.0,0.0,1.0,0.0,0.0,0.0,1.0,0.0,4.0,0.0,2.0,0.0,0.0,1.0,0.0,0.0,0.0,1.0,0.0,0.0,0.0,0.0,1.0,1.0,0.0,2.0,2.0,0.0,1.0,1.0,0.0,0.0,1.0,1.0,0.0,0.0,0.0,1.0,0.0,0.0,0.0,0.0,0.0,1.0,0.0,0.0,0.0,0.0,0.0,0.0,1.0,0.0
SAA15.06.02.b,0.0,3.0,1.0,0.0,3.0,0.0,3.0,0.0,1.0,0.0,2.0,0.0,8.0,0.0,11.0,0.0,0.0,0.0,4.0,0.0,7.0,0.0,6.0,2.0,3.0,0.0,2.0,2.0,2.0,6.0,4.0,1.0,3.0,11.0,1.0,1.0,3.0,7.0,3.0,0.0,0.0,1.0,0.0,2.0,2.0,0.0,0.0,2.0,0.0,1.0,1.0,0.0,1.0,1.0,1.0,0.0
SAA15.06.02.c,0.0,0.0,7.0,0.0,6.0,1.0,6.0,0.0,1.0,0.0,9.0,5.0,17.0,0.0,27.0,1.0,1.0,2.0,2.0,0.0,7.0,2.0,7.0,2.0,10.0,0.0,9.0,5.0,2.0,12.0,13.0,1.0,2.0,14.0,1.0,1.0,10.0,12.0,5.0,0.0,0.0,2.0,0.0,3.0,0.0,2.0,1.0,1.0,0.0,11.0,3.0,1.0,0.0,2.0,4.0,0.0
SAA15.06.03.a,0.0,0.0,1.0,0.0,0.0,0.0,1.0,0.0,1.0,0.0,3.0,0.0,1.0,0.0,2.0,0.0,0.0,0.0,1.0,0.0,0.0,0.0,0.0,0.0,0.0,0.0,2.0,0.0,1.0,1.0,3.0,0.0,2.0,0.0,0.0,0.0,1.0,0.0,1.0,0.0,0.0,0.0,0.0,0.0,0.0,0.0,0.0,1.0,0.0,0.0,1.0,0.0,0.0,0.0,1.0,0.0
SAA15.06.03.b,0.0,1.0,2.0,4.0,0.0,6.0,3.0,0.0,0.0,0.0,5.0,0.0,11.0,0.0,17.0,1.0,0.0,1.0,0.0,2.0,1.0,1.0,0.0,3.0,2.0,0.0,0.0,5.0,1.0,7.0,14.0,0.0,7.0,10.0,4.0,1.0,5.0,3.0,2.0,0.0,0.0,0.0,0.0,2.0,0.0,0.0,0.0,1.0,0.0,9.0,1.0,0.0,0.0,2.0,1.0,0.0
SAA15.06.04.a,0.0,0.0,1.0,0.0,0.0,0.0,1.0,0.0,1.0,0.0,0.0,1.0,3.0,0.0,1.0,0.0,0.0,0.0,0.0,0.0,0.0,0.0,0.0,0.0,0.0,0.0,0.0,1.0,1.0,0.0,1.0,0.0,0.0,2.0,1.0,2.0,1.0,1.0,0.0,0.0,0.0,0.0,1.0,0.0,0.0,0.0,0.0,0.0,0.0,2.0,0.0,0.0,0.0,0.0,0.0,0.0
SAA15.06.05.a,0.0,2.0,0.0,0.0,0.0,1.0,2.0,1.0,0.0,1.0,0.0,2.0,5.0,0.0,7.0,0.0,0.0,0.0,0.0,0.0,2.0,0.0,3.0,0.0,2.0,0.0,3.0,0.0,2.0,0.0,4.0,0.0,0.0,6.0,1.0,0.0,4.0,2.0,0.0,1.0,2.0,0.0,0.0,0.0,1.0,0.0,0.0,1.0,0.0,1.0,1.0,0.0,0.0,0.0,1.0,0.0
SAA15.06.05.b,0.0,0.0,0.0,0.0,0.0,0.0,1.0,0.0,0.0,0.0,0.0,1.0,2.0,0.0,3.0,0.0,0.0,0.0,0.0,0.0,0.0,0.0,0.0,0.0,1.0,0.0,2.0,0.0,0.0,0.0,1.0,0.0,0.0,0.0,0.0,0.0,1.0,0.0,0.0,1.0,2.0,0.0,0.0,0.0,0.0,0.0,0.0,1.0,0.0,1.0,0.0,0.0,0.0,0.0,1.0,0.0
SAA15.06.06.c,12.0,6.0,10.0,5.0,13.0,4.0,12.0,2.0,7.0,10.0,23.0,0.0,31.0,2.0,81.0,4.0,4.0,2.0,8.0,4.0,13.0,11.0,11.0,7.0,12.0,0.0,28.0,5.0,13.0,23.0,36.0,4.0,11.0,44.0,3.0,3.0,19.0,27.0,14.0,0.0,3.0,8.0,1.0,12.0,9.0,1.0,9.0,0.0,0.0,51.0,15.0,2.0,3.0,5.0,1.0,0.0
SAA15.07.01.a,5.0,1.0,12.0,0.0,3.0,2.0,18.0,0.0,6.0,0.0,17.0,3.0,35.0,5.0,64.0,0.0,2.0,0.0,1.0,2.0,13.0,6.0,8.0,2.0,12.0,0.0,18.0,12.0,8.0,24.0,27.0,5.0,9.0,24.0,3.0,5.0,18.0,21.0,10.0,3.0,3.0,10.0,1.0,2.0,7.0,0.0,7.0,6.0,0.0,16.0,5.0,1.0,3.0,0.0,14.0,1.0
SAA15.07.01.b,1.0,0.0,2.0,0.0,1.0,0.0,3.0,0.0,1.0,0.0,2.0,1.0,6.0,0.0,9.0,0.0,0.0,0.0,0.0,0.0,1.0,0.0,4.0,0.0,1.0,0.0,5.0,0.0,1.0,3.0,3.0,0.0,0.0,2.0,1.0,0.0,1.0,1.0,0.0,0.0,2.0,3.0,0.0,0.0,1.0,0.0,1.0,1.0,0.0,1.0,0.0,0.0,0.0,0.0,3.0,0.0
SAA15.07.01.c,2.0,1.0,16.0,0.0,7.0,1.0,8.0,1.0,6.0,2.0,26.0,3.0,19.0,1.0,43.0,9.0,3.0,1.0,0.0,2.0,14.0,1.0,9.0,6.0,7.0,3.0,18.0,1.0,9.0,12.0,22.0,2.0,10.0,18.0,4.0,3.0,12.0,18.0,5.0,1.0,4.0,4.0,0.0,3.0,10.0,1.0,5.0,1.0,0.0,20.0,9.0,0.0,1.0,2.0,4.0,0.0
SAA15.07.02.b,1.0,0.0,0.0,0.0,0.0,0.0,0.0,1.0,0.0,0.0,0.0,0.0,2.0,0.0,2.0,0.0,0.0,0.0,0.0,0.0,0.0,0.0,1.0,0.0,0.0,0.0,2.0,0.0,0.0,0.0,0.0,0.0,0.0,0.0,0.0,0.0,0.0,0.0,0.0,0.0,2.0,0.0,0.0,0.0,0.0,0.0,1.0,0.0,0.0,0.0,1.0,0.0,0.0,0.0,1.0,0.0
SAA15.07.03.a,0.0,0.0,1.0,0.0,0.0,1.0,1.0,0.0,0.0,0.0,3.0,0.0,2.0,0.0,5.0,0.0,0.0,0.0,1.0,2.0,1.0,0.0,2.0,1.0,0.0,0.0,0.0,1.0,0.0,3.0,1.0,0.0,1.0,1.0,0.0,0.0,1.0,1.0,1.0,0.0,0.0,0.0,0.0,0.0,2.0,0.0,1.0,0.0,0.0,1.0,1.0,0.0,0.0,0.0,1.0,0.0
SAA15.07.04.c,5.0,3.0,13.0,1.0,7.0,1.0,19.0,2.0,4.0,1.0,30.0,0.0,41.0,1.0,90.0,13.0,6.0,2.0,4.0,10.0,23.0,6.0,18.0,26.0,15.0,11.0,26.0,2.0,1.0,24.0,42.0,9.0,10.0,47.0,10.0,10.0,35.0,33.0,16.0,4.0,8.0,7.0,8.0,4.0,15.0,0.0,5.0,5.0,2.0,24.0,13.0,1.0,3.0,1.0,4.0,0.0
SAA15.07.05.a,2.0,0.0,2.0,0.0,2.0,0.0,1.0,0.0,0.0,0.0,0.0,0.0,4.0,0.0,13.0,0.0,1.0,0.0,2.0,3.0,0.0,0.0,3.0,1.0,0.0,0.0,2.0,0.0,0.0,3.0,1.0,0.0,0.0,0.0,0.0,0.0,3.0,0.0,0.0,0.0,0.0,1.0,0.0,0.0,0.0,0.0,0.0,1.0,0.0,1.0,1.0,0.0,0.0,0.0,1.0,0.0
SAA15.08.01.c,4.0,1.0,5.0,0.0,0.0,0.0,1.0,0.0,1.0,1.0,6.0,0.0,1.0,0.0,11.0,10.0,0.0,1.0,4.0,0.0,4.0,0.0,3.0,5.0,3.0,0.0,2.0,0.0,2.0,0.0,8.0,1.0,4.0,4.0,9.0,3.0,7.0,6.0,0.0,0.0,0.0,0.0,0.0,0.0,5.0,0.0,0.0,0.0,0.0,0.0,6.0,1.0,0.0,0.0,0.0,0.0
SAA15.08.02.c,0.0,2.0,5.0,0.0,0.0,1.0,1.0,0.0,2.0,0.0,11.0,0.0,8.0,0.0,17.0,0.0,0.0,1.0,2.0,0.0,2.0,0.0,3.0,2.0,3.0,0.0,0.0,2.0,1.0,3.0,3.0,1.0,1.0,2.0,0.0,0.0,4.0,2.0,3.0,0.0,0.0,0.0,0.0,0.0,5.0,0.0,1.0,0.0,0.0,1.0,2.0,2.0,0.0,0.0,0.0,0.0
SAA15.08.03.c,3.0,0.0,3.0,5.0,0.0,1.0,2.0,0.0,1.0,0.0,4.0,0.0,9.0,1.0,15.0,1.0,1.0,0.0,1.0,0.0,6.0,6.0,2.0,1.0,9.0,0.0,3.0,3.0,2.0,4.0,15.0,2.0,2.0,4.0,2.0,4.0,6.0,11.0,2.0,1.0,0.0,0.0,2.0,0.0,5.0,0.0,1.0,0.0,1.0,6.0,4.0,0.0,2.0,0.0,0.0,0.0
SAA15.09.01.a,1.0,0.0,2.0,0.0,0.0,0.0,1.0,0.0,1.0,0.0,0.0,0.0,4.0,0.0,9.0,0.0,1.0,0.0,0.0,1.0,2.0,0.0,0.0,0.0,0.0,3.0,2.0,4.0,0.0,5.0,3.0,1.0,0.0,1.0,0.0,1.0,6.0,2.0,5.0,0.0,1.0,0.0,0.0,0.0,2.0,0.0,1.0,1.0,0.0,0.0,2.0,0.0,0.0,0.0,1.0,0.0
SAA15.09.02.c,0.0,0.0,2.0,0.0,0.0,0.0,0.0,0.0,0.0,1.0,0.0,0.0,7.0,0.0,3.0,2.0,1.0,1.0,1.0,0.0,0.0,2.0,3.0,0.0,1.0,0.0,2.0,0.0,1.0,3.0,2.0,2.0,1.0,0.0,1.0,0.0,2.0,3.0,1.0,0.0,0.0,2.0,2.0,0.0,1.0,0.0,1.0,0.0,0.0,1.0,2.0,0.0,0.0,1.0,0.0,0.0
SAA15.09.03.a,0.0,0.0,0.0,0.0,0.0,0.0,1.0,0.0,0.0,0.0,0.0,1.0,2.0,0.0,2.0,0.0,0.0,0.0,0.0,0.0,1.0,0.0,1.0,0.0,1.0,0.0,1.0,2.0,1.0,1.0,2.0,0.0,0.0,0.0,0.0,0.0,0.0,1.0,0.0,0.0,0.0,0.0,0.0,2.0,0.0,0.0,1.0,0.0,0.0,0.0,0.0,0.0,0.0,0.0,1.0,0.0
SAA15.09.04.c,0.0,0.0,0.0,0.0,0.0,0.0,1.0,0.0,0.0,0.0,0.0,0.0,3.0,0.0,1.0,0.0,0.0,0.0,0.0,0.0,0.0,0.0,1.0,1.0,0.0,0.0,3.0,0.0,0.0,1.0,1.0,1.0,0.0,0.0,0.0,0.0,0.0,0.0,0.0,0.0,1.0,1.0,0.0,0.0,0.0,0.0,1.0,0.0,0.0,0.0,0.0,0.0,0.0,0.0,1.0,0.0
SAA15.09.05.c,0.0,0.0,0.0,0.0,1.0,0.0,2.0,0.0,0.0,0.0,1.0,0.0,2.0,0.0,10.0,0.0,0.0,0.0,0.0,0.0,4.0,0.0,0.0,0.0,1.0,0.0,2.0,0.0,0.0,3.0,2.0,0.0,0.0,4.0,1.0,2.0,1.0,4.0,1.0,0.0,0.0,2.0,0.0,0.0,0.0,0.0,1.0,0.0,0.0,3.0,2.0,0.0,0.0,0.0,1.0,0.0
SAA15.09.06.a,1.0,0.0,1.0,0.0,0.0,0.0,1.0,0.0,0.0,0.0,7.0,0.0,5.0,0.0,9.0,0.0,0.0,0.0,3.0,0.0,0.0,0.0,11.0,1.0,10.0,0.0,6.0,0.0,0.0,0.0,10.0,0.0,1.0,3.0,3.0,0.0,5.0,0.0,0.0,3.0,4.0,0.0,0.0,0.0,1.0,0.0,2.0,1.0,0.0,2.0,0.0,0.0,0.0,1.0,0.0,1.0
SAA15.09.07.c,8.0,1.0,31.0,6.0,11.0,7.0,33.0,7.0,17.0,10.0,50.0,17.0,86.0,3.0,156.0,25.0,12.0,3.0,15.0,16.0,42.0,17.0,57.0,22.0,32.0,14.0,65.0,5.0,30.0,51.0,86.0,22.0,37.0,56.0,12.0,14.0,54.0,77.0,32.0,6.0,25.0,17.0,8.0,8.0,22.0,2.0,15.0,8.0,3.0,53.0,20.0,7.0,5.0,3.0,13.0,1.0
SAA15.09.07.c.,0.0,0.0,0.0,0.0,0.0,0.0,0.0,0.0,0.0,0.0,2.0,0.0,0.0,0.0,0.0,0.0,0.0,0.0,0.0,0.0,0.0,0.0,0.0,1.0,0.0,0.0,0.0,0.0,0.0,0.0,1.0,0.0,0.0,0.0,0.0,0.0,1.0,0.0,0.0,1.0,0.0,0.0,0.0,0.0,0.0,1.0,0.0,1.0,0.0,0.0,1.0,0.0,0.0,0.0,0.0,0.0
SAA15.09.08.c,0.0,0.0,0.0,0.0,0.0,1.0,3.0,0.0,1.0,0.0,0.0,0.0,4.0,0.0,6.0,0.0,0.0,0.0,0.0,0.0,1.0,1.0,0.0,0.0,0.0,0.0,4.0,1.0,1.0,2.0,0.0,0.0,0.0,0.0,1.0,0.0,0.0,1.0,0.0,0.0,0.0,1.0,0.0,0.0,0.0,0.0,2.0,0.0,0.0,0.0,0.0,0.0,0.0,0.0,2.0,0.0
SAA15.09.09.c,,,,,,,,,,,,,,,,,,,,,,,,,,,,,,,,,,,,,,,,,,,,,,,,,,,,,,,,
